scenario,seed,model,auroc,auprc,id_auprc,n_pos
DV-R,0,cb_lr,0.7237812036876649,0.12716518695696735,0.14617994070010187,753
DV-R,0,cb_gb,0.7539040983523921,0.1853143691487689,0.16782581313657782,753
DV-R,0,tf_lr,0.7843353982276553,0.19953896025127393,0.19503494200958835,753
DV-R,0,tf_gb,0.763200705345171,0.1798381430467604,0.16974467916969788,753
DV-R,0,cb_ens,0.7543440225754448,0.16738441076361685,0.17442909148440935,753
DV-R,0,tf_ens,0.78652493774614,0.2010976693162551,0.19085854293451635,753
DV-R,0,all_ens,0.78527115371044,0.20464287383637586,0.19349863271728823,753
DV-R,0,fmt_gb,0.7327831531018782,0.14383850262121337,0.14145279435995917,753
DV-R,1,cb_lr,0.719408790109443,0.15454604103685984,0.13243940328807882,757
DV-R,1,cb_gb,0.7524478086690547,0.15853957722837017,0.13541687249091344,757
DV-R,1,tf_lr,0.7840800612816522,0.19538090575914732,0.1982922196743697,757
DV-R,1,tf_gb,0.7653956231753127,0.18539680103164868,0.1516718950068377,757
DV-R,1,cb_ens,0.7526687243555953,0.1703724442598345,0.1415294140260772,757
DV-R,1,tf_ens,0.7880322967957346,0.19882169458098614,0.17306897263562948,757
DV-R,1,all_ens,0.7823235121642823,0.19398563227674398,0.16273110028191293,757
DV-R,1,fmt_gb,0.7312619045267061,0.14332564240115742,0.13233644900348268,757
DV-R,2,cb_lr,0.7209535117134367,0.12959157192094173,0.1463442493627852,741
DV-R,2,cb_gb,0.7473874071419785,0.16375569750674251,0.1760192941199252,741
DV-R,2,tf_lr,0.7952176447622461,0.23687583895476078,0.19578180895236952,741
DV-R,2,tf_gb,0.7636160567051201,0.21069250425692998,0.17644768435428865,741
DV-R,2,cb_ens,0.7504875770362803,0.1621644448134872,0.18015339983535192,741
DV-R,2,tf_ens,0.7945910146772276,0.22495487364519545,0.19975315356787932,741
DV-R,2,all_ens,0.785106883660732,0.20963024672273292,0.20409333872696256,741
DV-R,2,fmt_gb,0.7251990865284337,0.14277244060832683,0.13651010591698207,741
BV-R,0,cb_lr,0.7485622268230964,0.14271519774684321,0.1215856408154144,753
BV-R,0,cb_gb,0.7775559826486553,0.212574771881814,0.16304181549244304,753
BV-R,0,tf_lr,0.8265855373078654,0.29037650391830533,0.30833008349388574,753
BV-R,0,tf_gb,0.7885385075754036,0.20452699192040366,0.17723470206970085,753
BV-R,0,cb_ens,0.7811670273128787,0.19617787474445983,0.15490290819665586,753
BV-R,0,tf_ens,0.8232769405469907,0.26163337783006735,0.24915283667393084,753
BV-R,0,all_ens,0.8186788159072933,0.25233825958002204,0.2257090966368443,753
BV-R,0,fmt_gb,0.9317613374429587,0.6865721375012318,0.6787139573870306,753
BV-R,1,cb_lr,0.7507110162390992,0.12977427217157805,0.15070721957325292,757
BV-R,1,cb_gb,0.7724011649261324,0.17916455650353236,0.18355012970424872,757
BV-R,1,tf_lr,0.836470306147832,0.26468581208931785,0.302726625416859,757
BV-R,1,tf_gb,0.7941389092692092,0.20396695711102075,0.1862493122397832,757
BV-R,1,cb_ens,0.7780731302764948,0.16608494002758478,0.19026866992011762,757
BV-R,1,tf_ens,0.8304445164865066,0.23751378725662237,0.24082000889490476,757
BV-R,1,all_ens,0.8223658273965985,0.22156658091543358,0.23854180361662047,757
BV-R,1,fmt_gb,0.9244585096093832,0.6330296338554338,0.6571387272757445,757
BV-R,2,cb_lr,0.7379794878925797,0.13033021870806233,0.14590876283697657,741
BV-R,2,cb_gb,0.7577508704186031,0.19004496070175994,0.17099523123999522,741
BV-R,2,tf_lr,0.8318804072471597,0.32183019688370595,0.24112424933049897,741
BV-R,2,tf_gb,0.7804900550329181,0.1802126289766954,0.19292610307671712,741
BV-R,2,cb_ens,0.7621016263858509,0.17899998441603582,0.1711536316666696,741
BV-R,2,tf_ens,0.8210449658339529,0.25448179459280135,0.22782200145948744,741
BV-R,2,all_ens,0.8058427238709516,0.2454010836356124,0.22097432900967645,741
BV-R,2,fmt_gb,0.9145158012397114,0.6344133589489408,0.6855819979184866,741
DV-P,0,cb_lr,0.6674302451801166,0.10592607387407746,0.1469425037539569,1703
DV-P,0,cb_gb,0.7056975718625839,0.12893326837857313,0.17926298290772047,1703
DV-P,0,tf_lr,0.6965777315320486,0.121014493413588,0.22569521991659083,1703
DV-P,0,tf_gb,0.7153522129494126,0.13157054052313427,0.19688757719439476,1703
DV-P,0,cb_ens,0.7019482196577478,0.13370910682043768,0.18140930835191119,1703
DV-P,0,tf_ens,0.7155149857459709,0.13621080019116194,0.2186517340857736,1703
DV-P,0,all_ens,0.7191862475748882,0.14367799120563682,0.220847539662293,1703
DV-P,0,fmt_gb,0.6991329939951543,0.11511839782701412,0.15785645695104272,1703
DV-P,1,cb_lr,0.6882365399066364,0.12181538758243403,0.14284507378021905,643
DV-P,1,cb_gb,0.7054242252974866,0.14125868822663673,0.19285682785254293,643
DV-P,1,tf_lr,0.6881555260985663,0.1416898090632134,0.21018913528068423,643
DV-P,1,tf_gb,0.7001863955489611,0.14138928503332282,0.20960277193211133,643
DV-P,1,cb_ens,0.709210823444758,0.14936965283893364,0.17542653118214002,643
DV-P,1,tf_ens,0.701282314621908,0.1506965625167967,0.2266302289094409,643
DV-P,1,all_ens,0.7156963934183616,0.16442013218381082,0.21900789311883223,643
DV-P,1,fmt_gb,0.6976449860107653,0.12908180179440568,0.15795022861023664,643
DV-P,2,cb_lr,0.6691000649772579,0.10308131946335558,0.1494767222049387,675
DV-P,2,cb_gb,0.691336907082521,0.12084906300187682,0.17266075076273013,675
DV-P,2,tf_lr,0.6875135369287415,0.11024718168522643,0.2180610861697696,675
DV-P,2,tf_gb,0.7090475416937405,0.128205473719874,0.20545399516245624,675
DV-P,2,cb_ens,0.6955810049815898,0.12141280742112491,0.18362009390069028,675
DV-P,2,tf_ens,0.7068594325319472,0.12443805712914509,0.21823321363177717,675
DV-P,2,all_ens,0.7107591509638294,0.131571353516064,0.2125338019694665,675
DV-P,2,fmt_gb,0.6737004548408057,0.12095210313778015,0.1694878184594373,675
BV-P,0,cb_lr,0.6716846215602483,0.13307914883350497,0.13258384512251095,817
BV-P,0,cb_gb,0.7009723078542914,0.14337356053317896,0.19137369704676613,817
BV-P,0,tf_lr,0.693248717037559,0.1313094221788965,0.28775180680842966,817
BV-P,0,tf_gb,0.7041765502104271,0.14021354706169184,0.19469952668241414,817
BV-P,0,cb_ens,0.6998414583402935,0.14747515053463908,0.19001622976910404,817
BV-P,0,tf_ens,0.7069085085036442,0.1391104223818828,0.25210779562245056,817
BV-P,0,all_ens,0.7141846190292513,0.15004408429253865,0.2400600541807095,817
BV-P,0,fmt_gb,0.903531044704496,0.6246169496466333,0.6638070670779402,817
BV-P,1,cb_lr,0.6429459365817861,0.09290582869370294,0.12319378938408244,2318
BV-P,1,cb_gb,0.6781304781972228,0.12787734070111412,0.24329999378125966,2318
BV-P,1,tf_lr,0.6733225731125285,0.11897237751358114,0.24864455832812554,2318
BV-P,1,tf_gb,0.6667612761030368,0.12279400105694965,0.1990401547077433,2318
BV-P,1,cb_ens,0.6740622548707614,0.12321078829373881,0.18461949425835994,2318
BV-P,1,tf_ens,0.679533339262449,0.12876317779882573,0.22792347211092032,2318
BV-P,1,all_ens,0.6908053326634277,0.13759436154771373,0.2405596854766921,2318
BV-P,1,fmt_gb,0.8466211206618579,0.5112308677715935,0.7769580328171299,2318
BV-P,2,cb_lr,0.7044613090750698,0.12103244548209557,0.1729042043008683,394
BV-P,2,cb_gb,0.7544562831917709,0.19079369156934733,0.18345155800369703,394
BV-P,2,tf_lr,0.7184311705282204,0.1414333676204036,0.2826390905740787,394
BV-P,2,tf_gb,0.7397974569030508,0.1612183411995376,0.19147946390675377,394
BV-P,2,cb_ens,0.743591998793788,0.1567015869507386,0.2113183180639436,394
BV-P,2,tf_ens,0.7398204922015045,0.15715614295454652,0.2409125765041657,394
BV-P,2,all_ens,0.7529610829103215,0.16803667059465124,0.23789142787400785,394
BV-P,2,fmt_gb,0.9346572347590089,0.629577041003874,0.6581546691663125,394
BV-T,0,cb_lr,0.6873072495775224,0.09492273357186548,0.15940914445003146,1447
BV-T,0,cb_gb,0.7227883416409063,0.11368917008815936,0.2516275348250394,1447
BV-T,0,tf_lr,0.7067048023486242,0.09663919192356041,0.40175052757367774,1447
BV-T,0,tf_gb,0.7250309071528895,0.12209064260138769,0.21042083029025196,1447
BV-T,0,cb_ens,0.7194247063421157,0.11654794911633065,0.265409873744903,1447
BV-T,0,tf_ens,0.726747545263938,0.11540447171613752,0.30812888037293645,1447
BV-T,0,all_ens,0.7350782608510462,0.12201021823267669,0.33469196310770516,1447
BV-T,0,fmt_gb,0.9076652933703758,0.6462842202520465,0.6189924982508413,1447
BV-T,1,cb_lr,0.6900068469592793,0.10036292085171933,0.13417681155739297,1447
BV-T,1,cb_gb,0.7254519472304954,0.11046304729703663,0.27193395748477905,1447
BV-T,1,tf_lr,0.7085222813684975,0.09676394915794542,0.4071527763924523,1447
BV-T,1,tf_gb,0.7271005416871206,0.12228815285730554,0.2419286185648064,1447
BV-T,1,cb_ens,0.7215198971784778,0.11784538102651423,0.23978069438901375,1447
BV-T,1,tf_ens,0.7288661627105866,0.115293769185763,0.354224832278184,1447
BV-T,1,all_ens,0.7379473817036044,0.12196618608329424,0.3348091574471256,1447
BV-T,1,fmt_gb,0.910301745388951,0.6520682071479397,0.6650552493914617,1447
BV-T,2,cb_lr,0.6874782638326148,0.09756203844633278,0.13442629206699996,1447
BV-T,2,cb_gb,0.7268478537498018,0.12635366861588115,0.2164354754525707,1447
BV-T,2,tf_lr,0.7079890065307001,0.09680497023752474,0.3425361871002731,1447
BV-T,2,tf_gb,0.7274668486843296,0.11801269168134151,0.15416872940508725,1447
BV-T,2,cb_ens,0.7222632661167092,0.12738873725592623,0.2121050704533681,1447
BV-T,2,tf_ens,0.7282728305627817,0.11360647984951944,0.2284656856818562,1447
BV-T,2,all_ens,0.7383498934621655,0.12602315203021047,0.24001217951724602,1447
BV-T,2,fmt_gb,0.9095811641534528,0.6425764031516107,0.6785009650155955,1447
DV2BV,0,cb_lr,0.6549090083697096,0.10478704872035274,0.12980949398877692,2377
DV2BV,0,cb_gb,0.6965938618401013,0.13836037790180078,0.1804026702112005,2377
DV2BV,0,tf_lr,0.6802804362674955,0.14355855104453813,0.22181840947385745,2377
DV2BV,0,tf_gb,0.7014900374612358,0.14347850741247403,0.1951920852536837,2377
DV2BV,0,cb_ens,0.6893918376126312,0.13925927317122214,0.1684528809889998,2377
DV2BV,0,tf_ens,0.6986083386191203,0.14992562638893117,0.22523341427247426,2377
DV2BV,0,all_ens,0.7017070802504849,0.15216549030269333,0.22394393543655838,2377
DV2BV,0,fmt_gb,0.7137746093804245,0.17138365094957042,0.15703149340791786,2377
DV2BV,1,cb_lr,0.6531368404499013,0.10417885843336913,0.15459220574905552,2431
DV2BV,1,cb_gb,0.6909847380934121,0.144622157935132,0.16139308664085766,2431
DV2BV,1,tf_lr,0.6785132171473149,0.13069451830294584,0.20725983810683224,2431
DV2BV,1,tf_gb,0.7036043675500305,0.1402804791601875,0.1878448151809729,2431
DV2BV,1,cb_ens,0.6859372349153007,0.1359939432215782,0.17176080171300076,2431
DV2BV,1,tf_ens,0.6988899269557296,0.1417112668887759,0.20292784915775441,2431
DV2BV,1,all_ens,0.7002970304316266,0.14714172621845859,0.19858816718674005,2431
DV2BV,1,fmt_gb,0.7239554646085056,0.21929009650299328,0.14776576590476762,2431
DV2BV,2,cb_lr,0.6559264997473626,0.10229804265506467,0.13825489651000786,2410
DV2BV,2,cb_gb,0.700801549509271,0.15279932021194986,0.1644778909714415,2410
DV2BV,2,tf_lr,0.6828365436143988,0.14668387075234263,0.23630916326975174,2410
DV2BV,2,tf_gb,0.7087668520616741,0.14561817631602214,0.19641779513476504,2410
DV2BV,2,cb_ens,0.6919100534366338,0.14242759093342727,0.17084166184532334,2410
DV2BV,2,tf_ens,0.7040192310636799,0.15329246049871945,0.22248458168030255,2410
DV2BV,2,all_ens,0.7066397697171993,0.16283716520322422,0.21030300306661756,2410
DV2BV,2,fmt_gb,0.7229142583178944,0.18918732331392094,0.13745998409596402,2410
BV2DV,0,cb_lr,0.6847780219198465,0.11082901260643586,0.16858301364925615,3013
BV2DV,0,cb_gb,0.7097081566619952,0.14868111766914666,0.22078569174918006,3013
BV2DV,0,tf_lr,0.7037324256193951,0.13830855674695947,0.30499478885266806,3013
BV2DV,0,tf_gb,0.704802181021836,0.13818886274788886,0.255017537511257,3013
BV2DV,0,cb_ens,0.7106122769158394,0.1352388670826723,0.21472640120420214,3013
BV2DV,0,tf_ens,0.7124934230179121,0.1457487823351753,0.2975019446672994,3013
BV2DV,0,all_ens,0.7222403926075602,0.1510064235712888,0.2828347499601206,3013
BV2DV,0,fmt_gb,0.6295800518478912,0.10047215408852306,0.6848759211605392,3013
BV2DV,1,cb_lr,0.6795467212166786,0.11677161224401436,0.13623637676531586,3042
BV2DV,1,cb_gb,0.7053609719460295,0.14803704799691977,0.1771194191740246,3042
BV2DV,1,tf_lr,0.7059761333572737,0.13745843558832202,0.2871845469240475,3042
BV2DV,1,tf_gb,0.7023693164508201,0.1398646761779287,0.21992592089223742,3042
BV2DV,1,cb_ens,0.7057935705957347,0.14357461989694378,0.16703206799475007,3042
BV2DV,1,tf_ens,0.7129460876499258,0.1441496484207243,0.2588163824446838,3042
BV2DV,1,all_ens,0.7190830202400255,0.15014664514111964,0.23654931080553793,3042
BV2DV,1,fmt_gb,0.6232723617023096,0.10240403251341694,0.6560689056088356,3042
BV2DV,2,cb_lr,0.6837723143294053,0.11075721441806116,0.1333917749343622,3017
BV2DV,2,cb_gb,0.7092352016145009,0.14914593061669607,0.19251872723936939,3017
BV2DV,2,tf_lr,0.6989608203991242,0.13718435437990378,0.3298004892813157,3017
BV2DV,2,tf_gb,0.7054453751005865,0.14501310575653797,0.20565368895643776,3017
BV2DV,2,cb_ens,0.7099949049468288,0.14180086026259126,0.1829600571643773,3017
BV2DV,2,tf_ens,0.711127474296024,0.15084860985293558,0.2734389601674865,3017
BV2DV,2,all_ens,0.7208696608053716,0.15845898061605715,0.26007350445724914,3017
BV2DV,2,fmt_gb,0.6274413796444998,0.09899470287637291,0.6338263843936512,3017
