scenario,seed,model,c_m,alpha_star,clear,miss,cost_triage,cost_all,cost_none
BV-P,0,lr,10,0.35,0.8342759211653813,0.586552217453505,0.5170522707797773,1.0,0.5989717223650386
BV-P,0,lr,50,0.13,0.4594687232219366,0.2246065808297568,1.213196229648672,1.0,2.994858611825193
BV-P,0,lr,200,0.02,0.09845758354755783,0.05007153075822604,1.5013710368466153,1.0,11.979434447300772
BV-P,0,lr,1000,0.01,0.03513281919451585,0.020028612303290415,2.16452442159383,1.0,59.897172236503856
BV-P,0,svm,10,0.35,0.8112253641816624,0.5608011444921316,0.5246786632390745,1.0,0.5989717223650386
BV-P,0,svm,50,0.11,0.3851756640959726,0.19027181688125894,1.184661525278492,1.0,2.994858611825193
BV-P,0,svm,200,0.01,0.050042844901456725,0.04005722460658083,1.429820051413882,1.0,11.979434447300772
BV-P,0,svm,1000,0.01,0.050042844901456725,0.04005722460658083,3.3492716366752355,1.0,59.897172236503856
BV-P,0,lgbm,10,0.45,0.8279348757497857,0.6280400572246065,0.5482433590402742,1.0,0.5989717223650386
BV-P,0,lgbm,50,0.09,0.3025706940874036,0.12732474964234622,1.0787489288774637,1.0,2.994858611825193
BV-P,0,lgbm,200,0.01,0.025278491859468722,0.010014306151645207,1.094687232219366,1.0,11.979434447300772
BV-P,0,lgbm,1000,0.01,0.025278491859468722,0.010014306151645207,1.5745501285347043,1.0,59.897172236503856
BV-P,0,ens,10,0.35,0.8089117395029991,0.5622317596566524,0.5278491859468724,1.0,0.5989717223650386
BV-P,0,ens,50,0.11,0.41825192802056554,0.18311874105865522,1.1301628106255355,1.0,2.994858611825193
BV-P,0,ens,200,0.01,0.04558697514995715,0.020028612303290415,1.1943444730077122,1.0,11.979434447300772
BV-P,0,ens,1000,0.01,0.04558697514995715,0.020028612303290415,2.154070265638389,1.0,59.897172236503856
BV-P,1,lr,10,0.4,0.9468242566714553,0.8258145363408521,0.48350093596273563,1.0,0.5210918114143921
BV-P,1,lr,50,0.09999999999999999,0.5245744634539201,0.29699248120300753,1.2492272865787297,1.0,2.6054590570719602
BV-P,1,lr,200,0.01,0.058704453441295545,0.019632414369256473,1.1459013538809804,1.0,10.421836228287841
BV-P,1,lr,1000,0.01,0.058704453441295545,0.019632414369256473,1.964324583170084,1.0,52.10918114143921
BV-P,1,svm,10,0.45,0.966871272473989,0.8847117794486216,0.4941447912585434,1.0,0.5210918114143921
BV-P,1,svm,50,0.09999999999999999,0.519372251969875,0.3057644110275689,1.277284402072178,1.0,2.6054590570719602
BV-P,1,svm,200,0.01,0.0640154978015759,0.026733500417710943,1.2145966653606721,1.0,10.421836228287841
BV-P,1,svm,1000,0.01,0.0640154978015759,0.026733500417710943,2.3290453180096646,1.0,52.10918114143921
BV-P,1,lgbm,10,0.5,0.939380087936964,0.8141186299081036,0.48485046362805273,1.0,0.5210918114143921
BV-P,1,lgbm,50,0.08,0.46136432893648516,0.23141186299081035,1.1415698054068173,1.0,2.6054590570719602
BV-P,1,lgbm,200,0.01,0.0762700796656654,0.027151211361737676,1.2066953985459927,1.0,10.421836228287841
BV-P,1,lgbm,1000,0.01,0.0762700796656654,0.027151211361737676,2.3385573113926252,1.0,52.10918114143921
BV-P,1,ens,10,0.4,0.9323059509816726,0.7865497076023392,0.4775586609202908,1.0,0.5210918114143921
BV-P,1,ens,50,0.06999999999999999,0.5216359757955683,0.2677527151211362,1.1759827608724045,1.0,2.6054590570719602
BV-P,1,ens,200,0.01,0.09059248617822471,0.03258145363408521,1.2489660876757651,1.0,10.421836228287841
BV-P,1,ens,1000,0.01,0.09059248617822471,0.03258145363408521,2.6072003830917243,1.0,52.10918114143921
BV-P,2,lr,10,0.35,0.8442105263157895,0.6232057416267942,0.6326773455377573,1.0,0.7652173913043478
BV-P,2,lr,50,0.11,0.44302059496567503,0.24641148325358853,1.499771167048055,1.0,3.826086956521739
BV-P,2,lr,200,0.01,0.033867276887871854,0.0215311004784689,1.2956521739130435,1.0,15.304347826086955
BV-P,2,lr,1000,0.01,0.033867276887871854,0.0215311004784689,2.613729977116705,1.0,76.52173913043478
BV-P,2,svm,10,0.35,0.8268192219679634,0.6267942583732058,0.6528146453089245,1.0,0.7652173913043478
BV-P,2,svm,50,0.12,0.4545537757437071,0.25717703349282295,1.5294279176201373,1.0,3.826086956521739
BV-P,2,svm,200,0.01,0.05070938215102975,0.03827751196172249,1.535102974828375,1.0,15.304347826086955
BV-P,2,svm,1000,0.01,0.05070938215102975,0.03827751196172249,3.8783524027459952,1.0,76.52173913043478
BV-P,2,lgbm,10,0.5,0.8760640732265447,0.6638755980861244,0.6319450800915332,1.0,0.7652173913043478
BV-P,2,lgbm,50,0.09999999999999999,0.39414187643020593,0.19976076555023922,1.3701601830663614,1.0,3.826086956521739
BV-P,2,lgbm,200,0.01,0.07890160183066361,0.03110047846889952,1.397070938215103,1.0,15.304347826086955
BV-P,2,lgbm,1000,0.01,0.07890160183066361,0.03110047846889952,3.300961098398169,1.0,76.52173913043478
BV-P,2,ens,10,0.35,0.8150114416475972,0.5586124401913876,0.6124485125858123,1.0,0.7652173913043478
BV-P,2,ens,50,0.09,0.4385354691075515,0.215311004784689,1.385263157894737,1.0,3.826086956521739
BV-P,2,ens,200,0.03,0.1874599542334096,0.09808612440191387,2.313684210526316,1.0,15.304347826086955
BV-P,2,ens,1000,0.01,0.04247139588100687,0.022727272727272728,2.696659038901602,1.0,76.52173913043478
BV-R,0,lr,10,0.4,0.889190634901041,0.4154704944178628,0.3251861910052257,1.0,0.5159856807801506
BV-R,0,lr,50,0.12,0.6089783154343085,0.14274322169059012,0.759288976669547,1.0,2.579928403900753
BV-R,0,lr,200,0.01,0.13792535900917582,0.009569377990430622,0.9608278813315229,1.0,10.319713615603012
BV-R,0,lr,1000,0.01,0.13792535900917582,0.009569377990430622,1.3558408426943176,1.0,51.598568078015056
BV-R,0,svm,10,0.45,0.9163066288112579,0.4696969696969697,0.3260502818582068,1.0,0.5159856807801506
BV-R,0,svm,50,0.12,0.5715755256552689,0.12280701754385964,0.7452577871044727,1.0,2.579928403900753
BV-R,0,svm,200,0.01,0.10620088054972637,0.009569377990430622,0.9925523597909723,1.0,10.319713615603012
BV-R,0,svm,1000,0.01,0.10620088054972637,0.009569377990430622,1.387565321153767,1.0,51.598568078015056
BV-R,0,lgbm,10,0.5,0.8900135785705469,0.5055821371610846,0.37085956466279885,1.0,0.5159856807801506
BV-R,0,lgbm,50,0.08,0.36946056042463893,0.0645933014354067,0.7971855326502901,1.0,2.579928403900753
BV-R,0,lgbm,200,0.01,0.09249886845245443,0.005582137161084529,0.9651071884129531,1.0,10.319713615603012
BV-R,0,lgbm,1000,0.01,0.09249886845245443,0.005582137161084529,1.1955314158745833,1.0,51.598568078015056
BV-R,0,ens,10,0.45,0.9012467596593013,0.45374800637958534,0.33288071431510513,1.0,0.5159856807801506
BV-R,0,ens,50,0.12,0.5751141834341439,0.11802232854864433,0.7293749742830103,1.0,2.579928403900753
BV-R,0,ens,200,0.01,0.14874706826317738,0.007974481658692184,0.9335472986874048,1.0,10.319713615603012
BV-R,0,ens,1000,0.01,0.14874706826317738,0.007974481658692184,1.2627247664897336,1.0,51.598568078015056
BV-R,1,lr,10,0.4,0.8871595330739299,0.3704305442729488,0.2996108949416343,1.0,0.5041982387876306
BV-R,1,lr,50,0.14,0.6074953921769404,0.10235580828594638,0.6505426991603522,1.0,2.520991193938153
BV-R,1,lr,200,0.01,0.08830636903542904,0.002437043054427295,0.9362686872824083,1.0,10.083964775752612
BV-R,1,lr,1000,0.01,0.08830636903542904,0.002437043054427295,1.0345689125537578,1.0,50.419823878763054
BV-R,1,svm,10,0.4,0.8857259881220562,0.36149471974004876,0.29653901290190454,1.0,0.5041982387876306
BV-R,1,svm,50,0.12,0.5539217694040549,0.08610885458976442,0.6631578947368422,1.0,2.520991193938153
BV-R,1,svm,200,0.01,0.061847225066557446,0.0016246953696181965,0.9545361458120007,1.0,10.083964775752612
BV-R,1,svm,1000,0.01,0.061847225066557446,0.0016246953696181965,1.020069629326234,1.0,50.419823878763054
BV-R,1,lgbm,10,0.5,0.8742166700798689,0.41835905767668563,0.3367192299815688,1.0,0.5041982387876306
BV-R,1,lgbm,50,0.09999999999999999,0.43071882039729675,0.06823720552396426,0.741306573827565,1.0,2.520991193938153
BV-R,1,lgbm,200,0.01,0.10047102191275856,0.003249390739236393,0.932295719844358,1.0,10.083964775752612
BV-R,1,lgbm,1000,0.01,0.10047102191275856,0.003249390739236393,1.063362686872824,1.0,50.419823878763054
BV-R,1,ens,10,0.45,0.8948187589596559,0.39480097481722176,0.304239197214827,1.0,0.5041982387876306
BV-R,1,ens,50,0.09,0.4953921769404055,0.05686433793663688,0.6479623182469794,1.0,2.520991193938153
BV-R,1,ens,200,0.01,0.10407536350604137,0.003249390739236393,0.9286913782510752,1.0,10.083964775752612
BV-R,1,ens,1000,0.01,0.10407536350604137,0.003249390739236393,1.0597583452795412,1.0,50.419823878763054
BV-R,2,lr,10,0.4,0.9052817334920179,0.40402347024308466,0.29252677801945254,1.0,0.48959658554602536
BV-R,2,lr,50,0.08,0.5793901588213568,0.0972338642078793,0.6586366807567612,1.0,2.4479829277301266
BV-R,2,lr,200,0.01,0.19838305905527967,0.013411567476948869,0.932942093815406,1.0,9.791931710920506
BV-R,2,lr,1000,0.01,0.19838305905527967,0.013411567476948869,1.458242705298149,1.0,48.959658554602534
BV-R,2,svm,10,0.4,0.9054048508228342,0.40737636211232187,0.2940452250995198,1.0,0.48959658554602536
BV-R,2,svm,50,0.09,0.5844790084950958,0.0997485331098072,0.6597036976238355,1.0,2.4479829277301266
BV-R,2,svm,200,0.01,0.14597611523782164,0.014249790444258172,0.993556859687282,1.0,9.791931710920506
BV-R,2,svm,1000,0.01,0.14597611523782164,0.014249790444258172,1.5516887593876965,1.0,48.959658554602534
BV-R,2,lgbm,10,0.4,0.8640784667788403,0.42162615255658004,0.3423482578897689,1.0,0.48959658554602536
BV-R,2,lgbm,50,0.08,0.4585299790700538,0.08968985750209556,0.761029260885624,1.0,2.4479829277301266
BV-R,2,lgbm,200,0.01,0.12742643739483728,0.012573344509639563,0.9956908934214306,1.0,9.791931710920506
BV-R,2,lgbm,1000,0.01,0.12742643739483728,0.012573344509639563,1.4881602166865022,1.0,48.959658554602534
BV-R,2,ens,10,0.4,0.8997004144950137,0.40737636211232187,0.2997496614273403,1.0,0.48959658554602536
BV-R,2,ens,50,0.05,0.5118808224237699,0.07292539815590947,0.6666393072598186,1.0,2.4479829277301266
BV-R,2,ens,200,0.01,0.20499035580908606,0.016764459346186086,0.9591660852792712,1.0,9.791931710920506
BV-R,2,ens,1000,0.01,0.20499035580908606,0.016764459346186086,1.6157918496327,1.0,48.959658554602534
BV-T,0,lr,10,0.4,0.9135164897757694,0.7451923076923077,0.4102033454214054,1.0,0.4344111336839507
BV-T,0,lr,50,0.09999999999999999,0.5088572025290019,0.2312062937062937,0.9933357382900757,1.0,2.1720556684197536
BV-T,0,lr,200,0.02,0.20374413791794035,0.06774475524475525,1.3848373806223777,1.0,8.688222673679014
BV-T,0,lr,1000,0.01,0.10820406690842811,0.031031468531468532,2.2398374755548804,1.0,43.441113368395065
BV-T,0,svm,10,0.45,0.9372496155233629,0.8076923076923077,0.4136209155290588,1.0,0.4344111336839507
BV-T,0,svm,50,0.14,0.5813096888112552,0.2880244755244755,1.0442955058953083,1.0,2.1720556684197536
BV-T,0,svm,200,0.01,0.11646319466859063,0.039335664335664336,1.2252938160967553,1.0,8.688222673679014
BV-T,0,svm,1000,0.01,0.11646319466859063,0.039335664335664336,2.5923218591581385,1.0,43.441113368395065
BV-T,0,lgbm,10,0.4,0.8630313846854886,0.6149475524475524,0.4041086787294234,1.0,0.4344111336839507
BV-T,0,lgbm,50,0.12,0.5488237862879493,0.24125874125874125,0.9752036302189143,1.0,2.1720556684197536
BV-T,0,lgbm,200,0.03,0.28460764396514077,0.09003496503496504,1.4976361806755398,1.0,8.688222673679014
BV-T,0,lgbm,1000,0.01,0.07609789439708367,0.013986013986013986,1.531470124741309,1.0,43.441113368395065
BV-T,0,ens,10,0.35,0.8664679412937402,0.6075174825174825,0.3974444170194991,1.0,0.4344111336839507
BV-T,0,ens,50,0.09999999999999999,0.5565702785319637,0.24213286713286714,0.9693557880347073,1.0,2.1720556684197536
BV-T,0,ens,200,0.01,0.18523229983481745,0.04938811188811189,1.2438626136816722,1.0,8.688222673679014
BV-T,0,ens,1000,0.01,0.18523229983481745,0.04938811188811189,2.960242267747631,1.0,43.441113368395065
BV-T,1,lr,10,0.4,0.8988589113140557,0.7076048951048951,0.40853253336877476,1.0,0.4344111336839507
BV-T,1,lr,50,0.12,0.5029903738441968,0.2285839160839161,0.9935066167954585,1.0,2.1720556684197536
BV-T,1,lr,200,0.01,0.08619871271525945,0.027097902097902096,1.1492338947008676,1.0,8.688222673679014
BV-T,1,lr,1000,0.01,0.08619871271525945,0.027097902097902096,2.090964324365376,1.0,43.441113368395065
BV-T,1,svm,10,0.4,0.8928971501262603,0.6953671328671329,0.4091780743891093,1.0,0.4344111336839507
BV-T,1,svm,50,0.13,0.5063319979494579,0.24344405594405594,1.0224420437069244,1.0,2.1720556684197536
BV-T,1,svm,200,0.02,0.10167271070269039,0.034527972027972025,1.198313998746891,1.0,8.688222673679014
BV-T,1,svm,1000,0.01,0.03755529818299189,0.010052447552447552,1.3991342155727278,1.0,43.441113368395065
BV-T,1,lgbm,10,0.45,0.8750878125652661,0.6577797202797203,0.4106590214357591,1.0,0.4344111336839507
BV-T,1,lgbm,50,0.13,0.502041048814293,0.23994755244755245,1.0191383926028594,1.0,2.1720556684197536
BV-T,1,lgbm,200,0.01,0.06895897017220756,0.017482517482517484,1.0829330346123907,1.0,8.688222673679014
BV-T,1,lgbm,1000,0.01,0.06895897017220756,0.017482517482517484,1.6905010537507832,1.0,43.441113368395065
BV-T,1,ens,10,0.4,0.8941502591657332,0.6813811188811189,0.4018492851582524,1.0,0.4344111336839507
BV-T,1,ens,50,0.09999999999999999,0.4721183238717272,0.20148601398601398,0.9655205149138961,1.0,2.1720556684197536
BV-T,1,ens,200,0.01,0.10953312195029334,0.02972027972027972,1.1486832861835237,1.0,8.688222673679014
BV-T,1,ens,1000,0.01,0.10953312195029334,0.02972027972027972,2.181548918718791,1.0,43.441113368395065
BV-T,2,lr,10,0.35,0.8824735612979172,0.6730769230769231,0.4099185479124342,1.0,0.4344111336839507
BV-T,2,lr,50,0.09999999999999999,0.5217490364350946,0.23382867132867133,0.9861398545634055,1.0,2.1720556684197536
BV-T,2,lr,200,0.01,0.12132373882169778,0.03496503496503497,1.1824602707474985,1.0,8.688222673679014
BV-T,2,lr,1000,0.01,0.12132373882169778,0.03496503496503497,2.3975963090242836,1.0,43.441113368395065
BV-T,2,svm,10,0.35,0.8646642237369231,0.6363636363636364,0.4117792249710455,1.0,0.4344111336839507
BV-T,2,svm,50,0.12,0.5483870967741935,0.2644230769230769,1.0259545463175683,1.0,2.1720556684197536
BV-T,2,svm,200,0.01,0.08652148322542672,0.029283216783216784,1.1678976247887751,1.0,8.688222673679014
BV-T,2,svm,1000,0.01,0.08652148322542672,0.029283216783216784,2.185574056845583,1.0,43.441113368395065
BV-T,2,lgbm,10,0.5,0.9188327099432304,0.7600524475524476,0.4113425354572898,1.0,0.4344111336839507
BV-T,2,lgbm,50,0.17,0.6055934230761928,0.3208041958041958,1.091211148873151,1.0,2.1720556684197536
BV-T,2,lgbm,200,0.02,0.12512103894131274,0.03671328671328671,1.1938521711063435,1.0,8.688222673679014
BV-T,2,lgbm,1000,0.01,0.029846778940173537,0.004807692307692308,1.1790047276386488,1.0,43.441113368395065
BV-T,2,ens,10,0.4,0.9009284398792459,0.7006118881118881,0.40342516470789264,1.0,0.4344111336839507
BV-T,2,ens,50,0.12,0.5594941996240673,0.2561188811188811,0.9968102678995233,1.0,2.1720556684197536
BV-T,2,ens,200,0.02,0.19292183257703774,0.05638111888111888,1.2969298828532914,1.0,8.688222673679014
BV-T,2,ens,1000,0.01,0.11691887068294443,0.028846153846153848,2.13619016878999,1.0,43.441113368395065
BV2DV,0,lr,10,0.35,0.8158948171037582,0.5577763897564022,0.49767742841663826,1.0,0.5621827156530289
BV2DV,0,lr,50,0.09999999999999999,0.4256476112125529,0.17355224413313108,1.0621927483596525,1.0,2.8109135782651444
BV2DV,0,lr,200,0.01,0.0697875072737123,0.019005978406353173,1.1439091438088167,1.0,11.243654313060578
BV2DV,0,lr,1000,0.01,0.0697875072737123,0.019005978406353173,1.9986957481389331,1.0,56.218271565302885
BV2DV,0,svm,10,0.4,0.852770030298774,0.6166681538324261,0.49391014707947917,1.0,0.5621827156530289
BV2DV,0,svm,50,0.09999999999999999,0.4114162168669864,0.1768537521192112,1.0857043963320425,1.0,2.8109135782651444
BV2DV,0,svm,200,0.01,0.07495936753817445,0.023467475684839832,1.1889008166623192,1.0,11.243654313060578
BV2DV,0,svm,1000,0.01,0.07495936753817445,0.023467475684839832,2.2443415534642934,1.0,56.218271565302885
BV2DV,0,lgbm,10,0.5,0.8575355659449806,0.6328187739805479,0.4982242109276241,1.0,0.5621827156530289
BV2DV,0,lgbm,50,0.09999999999999999,0.41012701406585467,0.1588293031141251,1.03632843068403,1.0,2.8109135782651444
BV2DV,0,lgbm,200,0.01,0.08807713144852218,0.022932096011421432,1.1697634287778156,1.0,11.243654313060578
BV2DV,0,lgbm,1000,0.01,0.08807713144852218,0.022932096011421432,2.201125669683167,1.0,56.218271565302885
BV2DV,0,ens,10,0.35,0.8094337540381644,0.5335058445614348,0.4904940104741457,1.0,0.5621827156530289
BV2DV,0,ens,50,0.09,0.44230190420771714,0.17132149549388775,1.0392680137247425,1.0,2.8109135782651444
BV2DV,0,ens,200,0.01,0.10582498946565805,0.026947443562059428,1.197162750566848,1.0,11.243654313060578
BV2DV,0,ens,1000,0.01,0.10582498946565805,0.026947443562059428,2.4091137106968716,1.0,56.218271565302885
BV2DV,1,lr,10,0.35,0.8624876698061719,0.6383149986584384,0.4948751458342722,1.0,0.5598533896140963
BV2DV,1,lr,50,0.05,0.35574048759970556,0.13460334496020035,1.0210502070471126,1.0,2.799266948070481
BV2DV,1,lr,200,0.02,0.23785632382468844,0.07861550845183794,1.6424068538352534,1.0,11.197067792281924
BV2DV,1,lr,1000,0.01,0.1552377661944891,0.047580717288256864,3.5085848192155744,1.0,55.985338961409624
BV2DV,1,svm,10,0.35,0.8458287642767371,0.6129147661210983,0.49731364508069076,1.0,0.5598533896140963
BV2DV,1,svm,50,0.08,0.42143475887899134,0.18719255880511582,1.1025671839089093,1.0,2.799266948070481
BV2DV,1,svm,200,0.01,0.11419386820086824,0.03684822466684554,1.2983982014190363,1.0,11.197067792281924
BV2DV,1,svm,1000,0.01,0.11419386820086824,0.03684822466684554,2.9487664798986546,1.0,55.985338961409624
BV2DV,1,lgbm,10,0.45,0.8553524307381092,0.6370628745192738,0.5013093789588059,1.0,0.5598533896140963
BV2DV,1,lgbm,50,0.11,0.4568906380656242,0.2044539844378857,1.1154306429726657,1.0,2.799266948070481
BV2DV,1,lgbm,200,0.01,0.15108180238642452,0.046149718272068686,1.3656597217006403,1.0,11.197067792281924
BV2DV,1,lgbm,1000,0.01,0.15108180238642452,0.046149718272068686,3.4326258180489004,1.0,55.985338961409624
BV2DV,1,ens,10,0.35,0.842724309383966,0.5952955907342814,0.4905539449109472,1.0,0.5598533896140963
BV2DV,1,ens,50,0.08,0.4630244400715026,0.19014399427600392,1.0692393584794178,1.0,2.799266948070481
BV2DV,1,ens,200,0.02,0.2476603926634721,0.07682675968160271,1.6125740437527851,1.0,11.197067792281924
BV2DV,1,ens,1000,0.01,0.16295884594392954,0.044897594132904034,3.3506481801384993,1.0,55.985338961409624
BV2DV,2,lr,10,0.35,0.8678147930509726,0.6379670879170833,0.484608778194639,1.0,0.5524165398504322
BV2DV,2,lr,50,0.12,0.5286705138443148,0.24765887807982545,1.155383788616171,1.0,2.7620826992521605
BV2DV,2,lr,200,0.01,0.08536113747884304,0.023729429948177106,1.1768094542130614,1.0,11.048330797008642
BV2DV,2,lr,1000,0.01,0.08536113747884304,0.023729429948177106,2.225491820980679,1.0,55.241653985043214
BV2DV,2,svm,10,0.3,0.8166061464438719,0.5585053186653333,0.4919214291812945,1.0,0.5524165398504322
BV2DV,2,svm,50,0.09999999999999999,0.44785467110649047,0.2025638694426766,1.1116434881747,1.0,2.7620826992521605
BV2DV,2,svm,200,0.01,0.06969117107886715,0.022365669606327847,1.177412145228445,1.0,11.048330797008642
BV2DV,2,svm,1000,0.01,0.06969117107886715,0.022365669606327847,2.1658254104576935,1.0,55.241653985043214
BV2DV,2,lgbm,10,0.45,0.8590104818012425,0.6372397490680971,0.4930112954341133,1.0,0.5524165398504322
BV2DV,2,lgbm,50,0.06999999999999999,0.3638747005379017,0.14683153013910355,1.0416861285640384,1.0,2.7620826992521605
BV2DV,2,lgbm,200,0.01,0.1002978298101021,0.028548049822711155,1.2151104682406948,1.0,11.048330797008642
BV2DV,2,lgbm,1000,0.01,0.1002978298101021,0.028548049822711155,2.4767436604438817,1.0,55.241653985043214
BV2DV,2,ens,10,0.35,0.8505426730351018,0.5986907900718247,0.48018402165669705,1.0,0.5524165398504322
BV2DV,2,ens,50,0.08,0.44117986811111615,0.17492499318119828,1.0419774292214738,1.0,2.7620826992521605
BV2DV,2,ens,200,0.02,0.19282596794688284,0.05473224838621693,1.4118740174880842,1.0,11.048330797008642
BV2DV,2,ens,1000,0.01,0.10623433631163143,0.02818438039821802,2.4507174534295633,1.0,55.241653985043214
DV-P,0,lr,10,0.35,0.9019612132614331,0.7565236620964175,0.47223346422672635,1.0,0.4946238911433665
DV-P,0,lr,50,0.06999999999999999,0.4570294127298382,0.24303405572755418,1.144022838891745,1.0,2.473119455716833
DV-P,0,lr,200,0.01,0.11324283823545497,0.04157452454666077,1.2980322238386401,1.0,9.892477822867331
DV-P,0,lr,1000,0.01,0.11324283823545497,0.04157452454666077,2.9431324721350207,1.0,49.46238911433665
DV-P,0,svm,10,0.3,0.8533082484713912,0.6658558160106147,0.4760399461842206,1.0,0.4946238911433665
DV-P,0,svm,50,0.06999999999999999,0.45221661945024777,0.245687748783724,1.1553985320980498,1.0,2.473119455716833
DV-P,0,svm,200,0.01,0.0956105137656826,0.04091110128261831,1.3091016483816982,1.0,9.892477822867331
DV-P,0,svm,1000,0.01,0.0956105137656826,0.04091110128261831,2.9279502969712214,1.0,49.46238911433665
DV-P,0,lgbm,10,0.35,0.8431904444177067,0.5928792569659442,0.4500618006409765,1.0,0.4946238911433665
DV-P,0,lgbm,50,0.05,0.2842829484921737,0.09155241043785936,0.9421370989794691,1.0,2.473119455716833
DV-P,0,lgbm,200,0.01,0.11254279557660544,0.027642636001769128,1.1609113680364898,1.0,9.892477822867331
DV-P,0,lgbm,1000,0.01,0.11254279557660544,0.027642636001769128,2.2547280224888704,1.0,49.46238911433665
DV-P,0,ens,10,0.3,0.8637760738545005,0.6337903582485626,0.44971177931155176,1.0,0.4946238911433665
DV-P,0,ens,50,0.04,0.38536254553011823,0.1563467492260062,1.0013016418187983,1.0,2.473119455716833
DV-P,0,ens,200,0.01,0.15982848954858186,0.04467049977885891,1.28207343885018,1.0,9.892477822867331
DV-P,0,ens,1000,0.01,0.15982848954858186,0.04467049977885891,3.049681152445227,1.0,49.46238911433665
DV-P,1,lr,10,0.3,0.8412384600448359,0.5931461903025884,0.44595858855095233,1.0,0.48419268856683906
DV-P,1,lr,50,0.08,0.4741663871776315,0.1946773605541378,0.997140385871388,1.0,2.4209634428341955
DV-P,1,lr,200,0.01,0.08885986125575894,0.017499088589135983,1.0805987537731019,1.0,9.683853771336782
DV-P,1,lr,1000,0.01,0.08885986125575894,0.017499088589135983,1.7584332138885457,1.0,48.41926885668391
DV-P,1,svm,10,0.35,0.8572311168381846,0.6008020415603355,0.43367283896135994,1.0,0.48419268856683906
DV-P,1,svm,50,0.09999999999999999,0.5188787488305591,0.22092599343784178,1.0159750048542833,1.0,2.4209634428341955
DV-P,1,svm,200,0.01,0.08723588286173237,0.023332118118847976,1.138708937176749,1.0,9.683853771336782
DV-P,1,svm,1000,0.01,0.08723588286173237,0.023332118118847976,2.042488217330674,1.0,48.41926885668391
DV-P,1,lgbm,10,0.4,0.8323418827558208,0.5275246080933285,0.42308167552205606,1.0,0.48419268856683906
DV-P,1,lgbm,50,0.060000000000000005,0.3549451907292016,0.0922347794385709,0.8683518384494537,1.0,2.4209634428341955
DV-P,1,lgbm,200,0.01,0.13955623025189318,0.022238425082026978,1.0757974263472843,1.0,9.683853771336782
DV-P,1,lgbm,1000,0.01,0.13955623025189318,0.022238425082026978,1.937212052743994,1.0,48.41926885668391
DV-P,1,ens,10,0.35,0.8601260348449277,0.5785636164783085,0.42001023812465804,1.0,0.48419268856683906
DV-P,1,ens,50,0.08,0.5121886639247322,0.1837404301859278,0.9326402005260277,1.0,2.4209634428341955
DV-P,1,ens,200,0.01,0.15893805934581914,0.026977761574917974,1.1023106388236747,1.0,9.683853771336782
DV-P,1,ens,1000,0.01,0.15893805934581914,0.026977761574917974,2.1473054315016507,1.0,48.41926885668391
DV-P,2,lr,10,0.35,0.8681128538699393,0.6429471032745592,0.4590416072544338,1.0,0.5088357338545588
DV-P,2,lr,50,0.09999999999999999,0.5513562010349744,0.23740554156171284,1.0526459137734911,1.0,2.544178669272794
DV-P,2,lr,200,0.01,0.13589246519377735,0.030856423173803528,1.1781245494016053,1.0,10.176714677091176
DV-P,2,lr,1000,0.01,0.13589246519377735,0.030856423173803528,2.434192607783136,1.0,50.88357338545588
DV-P,2,svm,10,0.35,0.8499927904256853,0.5872166246851386,0.4488040117275742,1.0,0.5088357338545588
DV-P,2,svm,50,0.08,0.4791963727830559,0.19678841309823678,1.021468510181521,1.0,2.544178669272794
DV-P,2,svm,200,0.01,0.11299806142557316,0.0267632241813602,1.1593636349071568,1.0,10.176714677091176
DV-P,2,svm,1000,0.01,0.11299806142557316,0.0267632241813602,2.248810420238076,1.0,50.88357338545588
DV-P,2,lgbm,10,0.4,0.8262011951872086,0.49748110831234255,0.4269349696396815,1.0,0.5088357338545588
DV-P,2,lgbm,50,0.08,0.40934360831183814,0.11177581863979849,0.8750340452120415,1.0,2.544178669272794
DV-P,2,lgbm,200,0.01,0.10327314673886921,0.010075566750629723,0.9992630212922762,1.0,10.176714677091176
DV-P,2,lgbm,1000,0.01,0.10327314673886921,0.010075566750629723,1.4094076934168576,1.0,50.88357338545588
DV-P,2,ens,10,0.35,0.8543986413957736,0.5588790931989924,0.4299790121281061,1.0,0.5088357338545588
DV-P,2,ens,50,0.06999999999999999,0.4927503724946729,0.16120906801007556,0.9173942996299085,1.0,2.544178669272794
DV-P,2,ens,200,0.01,0.15681625198263294,0.027707808564231738,1.1251582101030169,1.0,10.176714677091176
DV-P,2,ens,1000,0.01,0.15681625198263294,0.027707808564231738,2.253056058445616,1.0,50.88357338545588
DV-R,0,lr,10,0.4,0.8484130743723354,0.3981797497155859,0.36784544724321877,1.0,0.543117830000206
DV-R,0,lr,50,0.06999999999999999,0.490083002080201,0.08418657565415244,0.7385331493419562,1.0,2.71558915000103
DV-R,0,lr,200,0.01,0.16145243342326943,0.015168752370117557,1.003315963998105,1.0,10.86235660000412
DV-R,0,lr,1000,0.01,0.16145243342326943,0.015168752370117557,1.6623895536836035,1.0,54.3117830000206
DV-R,0,svm,10,0.4,0.84925751240912,0.40462646947288583,0.3705023376516384,1.0,0.543117830000206
DV-R,0,svm,50,0.06999999999999999,0.4863551170885424,0.08532423208191127,0.7453504417852657,1.0,2.71558915000103
DV-R,0,svm,200,0.01,0.12656272526929335,0.012514220705346985,1.0093712026033406,1.0,10.86235660000412
DV-R,0,svm,1000,0.01,0.12656272526929335,0.012514220705346985,1.5531069140938767,1.0,54.3117830000206
DV-R,0,lgbm,10,0.45,0.846806582497477,0.4603716344330679,0.40322946058945897,1.0,0.543117830000206
DV-R,0,lgbm,50,0.08,0.4192531872386876,0.09783845278725825,0.846435853603279,1.0,2.71558915000103
DV-R,0,lgbm,200,0.01,0.0951743455605215,0.010997345468335229,1.024282742569975,1.0,10.86235660000412
DV-R,0,lgbm,1000,0.01,0.0951743455605215,0.010997345468335229,1.5021110950919612,1.0,54.3117830000206
DV-R,0,ens,10,0.35,0.8237184108088069,0.3625331816458096,0.3731798241097357,1.0,0.543117830000206
DV-R,0,ens,50,0.060000000000000005,0.4643585360327889,0.07281001137656427,0.7333635408728606,1.0,2.71558915000103
DV-R,0,ens,200,0.01,0.1818631186538422,0.015547971179370497,0.9870244887030668,1.0,10.86235660000412
DV-R,0,ens,1000,0.01,0.1818631186538422,0.015547971179370497,1.6625749181307026,1.0,54.3117830000206
DV-R,1,lr,10,0.4,0.8372245971719829,0.37594840667678303,0.36645018086155867,1.0,0.5417625780993095
DV-R,1,lr,50,0.05,0.39189411377836236,0.05538694992412747,0.7581387701414009,1.0,2.708812890496547
DV-R,1,lr,200,0.01,0.16137783623807958,0.014415781487101669,0.9948207826372903,1.0,10.835251561986189
DV-R,1,lr,1000,0.01,0.16137783623807958,0.014415781487101669,1.6196152581387702,1.0,54.176257809930945
DV-R,1,svm,10,0.45,0.8609215718513646,0.4264036418816389,0.37008796448536674,1.0,0.5417625780993095
DV-R,1,svm,50,0.060000000000000005,0.40891154225583687,0.05880121396054628,0.7503699440973364,1.0,2.708812890496547
DV-R,1,svm,200,0.01,0.12438342650443933,0.01251896813353566,1.0112627425189082,1.0,10.835251561986189
DV-R,1,svm,1000,0.01,0.12438342650443933,0.01251896813353566,1.5538474186122986,1.0,54.176257809930945
DV-R,1,lgbm,10,0.45,0.83089444261756,0.4271623672230653,0.4005261427162119,1.0,0.5417625780993095
DV-R,1,lgbm,50,0.060000000000000005,0.31786418941137784,0.05311077389984825,0.8260029595527787,1.0,2.708812890496547
DV-R,1,lgbm,200,0.01,0.0938424860243341,0.009104704097116844,1.0048092732653733,1.0,10.835251561986189
DV-R,1,lgbm,1000,0.01,0.0938424860243341,0.009104704097116844,1.3994163104242026,1.0,54.176257809930945
DV-R,1,ens,10,0.35,0.8055121670503124,0.3285280728376328,0.37247204866820127,1.0,0.5417625780993095
DV-R,1,ens,50,0.06999999999999999,0.4663761920420914,0.07169954476479515,0.7278444590595199,1.0,2.708812890496547
DV-R,1,ens,200,0.01,0.16945494902992436,0.009863429438543247,0.9374177902005918,1.0,10.835251561986189
DV-R,1,ens,1000,0.01,0.16945494902992436,0.009863429438543247,1.3649087471226569,1.0,54.176257809930945
DV-R,2,lr,10,0.35,0.8220689372850827,0.35824839562098904,0.3721753725233339,1.0,0.5422056656296054
DV-R,2,lr,50,0.08,0.4948419846078271,0.08569271423178558,0.7374733911904372,1.0,2.7110283281480267
DV-R,2,lr,200,0.01,0.14331914196823317,0.009815024537561345,0.963116096282954,1.0,10.844113312592107
DV-R,2,lr,1000,0.01,0.14331914196823317,0.009815024537561345,1.3888570492877026,1.0,54.220566562960535
DV-R,2,svm,10,0.35,0.8193057147535615,0.3563608909022273,0.3739151793024398,1.0,0.5422056656296054
DV-R,2,svm,50,0.08,0.48147617488128375,0.08305020762551907,0.7436752906500738,1.0,2.7110283281480267
DV-R,2,svm,200,0.01,0.1402693630260357,0.01321253303133258,1.0030088423121009,1.0,10.844113312592107
DV-R,2,svm,1000,0.01,0.1402693630260357,0.01321253303133258,1.5761216636646473,1.0,54.220566562960535
DV-R,2,lgbm,10,0.45,0.8469379400687735,0.45866364665911663,0.4017520877681349,1.0,0.5422056656296054
DV-R,2,lgbm,50,0.09,0.42353037497953167,0.0947527368818422,0.833346978876699,1.0,2.7110283281480267
DV-R,2,lgbm,200,0.01,0.10889143605698379,0.010192525481313703,1.0016374652038644,1.0,10.844113312592107
DV-R,2,lgbm,1000,0.01,0.10889143605698379,0.010192525481313703,1.4437530702472572,1.0,54.220566562960535
DV-R,2,ens,10,0.35,0.8226215817913869,0.362400906002265,0.37387424267234326,1.0,0.5422056656296054
DV-R,2,ens,50,0.08,0.5122195840838382,0.08909022272555682,0.7293065334861635,1.0,2.7110283281480267
DV-R,2,ens,200,0.01,0.159468642541346,0.011702529256323141,0.9674349107581464,1.0,10.844113312592107
DV-R,2,ens,1000,0.01,0.159468642541346,0.011702529256323141,1.4750491239561159,1.0,54.220566562960535
DV2BV,0,lr,10,0.4,0.9423882140087878,0.8061320754716981,0.4993279917291289,1.0,0.547945205479452
DV2BV,0,lr,50,0.09999999999999999,0.6139054019126389,0.372877358490566,1.4076764021711037,1.0,2.73972602739726
DV2BV,0,lr,200,0.01,0.09125096924269838,0.028537735849056604,1.2214913414318946,1.0,10.95890410958904
DV2BV,0,lr,1000,0.01,0.09125096924269838,0.028537735849056604,2.4724605841302663,1.0,54.794520547945204
DV2BV,0,svm,10,0.4,0.9370250710777979,0.782311320754717,0.49163866632204706,1.0,0.547945205479452
DV2BV,0,svm,50,0.09,0.5497286120444559,0.3106132075471698,1.3012664771258722,1.0,2.73972602739726
DV2BV,0,svm,200,0.01,0.07321013181700697,0.023820754716981134,1.18783923494443,1.0,10.95890410958904
DV2BV,0,svm,1000,0.01,0.07321013181700697,0.023820754716981134,2.2320367019901783,1.0,54.794520547945204
DV2BV,0,lgbm,10,0.45,0.9285345050400621,0.757311320754717,0.4864306022227965,1.0,0.547945205479452
DV2BV,0,lgbm,50,0.06999999999999999,0.48004652364952183,0.22075471698113208,1.1247609201344018,1.0,2.73972602739726
DV2BV,0,lgbm,200,0.01,0.11331093305763763,0.031839622641509434,1.2356164383561643,1.0,10.95890410958904
DV2BV,0,lgbm,1000,0.01,0.11331093305763763,0.031839622641509434,2.6313259240113727,1.0,54.794520547945204
DV2BV,0,ens,10,0.35,0.9187645386404756,0.7304245283018868,0.48146807960713356,1.0,0.547945205479452
DV2BV,0,ens,50,0.09,0.6366115275264926,0.3433962264150943,1.304200051692944,1.0,2.73972602739726
DV2BV,0,ens,200,0.01,0.1600801240630654,0.05188679245283019,1.408542258981649,1.0,10.95890410958904
DV2BV,0,ens,1000,0.01,0.1600801240630654,0.05188679245283019,3.6830317911605066,1.0,54.794520547945204
DV2BV,1,lr,10,0.35,0.9249053103501584,0.7712292518643252,0.4881219241967484,1.0,0.5355440467908583
DV2BV,1,lr,50,0.09,0.5973177707351008,0.3538609574212172,1.3502228749581304,1.0,2.6777202339542914
DV2BV,1,lr,200,0.01,0.08075030274922058,0.026701948520567717,1.2052510886088996,1.0,10.710880935817165
DV2BV,1,lr,1000,0.01,0.08075030274922058,0.026701948520567717,2.34925665404138,1.0,53.55440467908583
DV2BV,1,svm,10,0.35,0.9209502460642601,0.751984604281934,0.481770632037309,1.0,0.5355440467908583
DV2BV,1,svm,50,0.09,0.5733683749452475,0.32379119557373104,1.2936538610187833,1.0,2.6777202339542914
DV2BV,1,svm,200,0.01,0.08294040349385484,0.02838585518402694,1.2210971116436062,1.0,10.710880935817165
DV2BV,1,svm,1000,0.01,0.08294040349385484,0.02838585518402694,2.4372471721934503,1.0,53.55440467908583
DV2BV,1,lgbm,10,0.45,0.9226765607688542,0.7392350252586,0.4732163561876788,1.0,0.5355440467908583
DV2BV,1,lgbm,50,0.06999999999999999,0.4741568112133158,0.21529949482800095,1.1023550024477595,1.0,2.6777202339542914
DV2BV,1,lgbm,200,0.01,0.18909587488083276,0.057733942747173445,1.429285511839427,1.0,10.710880935817165
DV2BV,1,lgbm,1000,0.01,0.18909587488083276,0.057733942747173445,3.902811058720466,1.0,53.55440467908583
DV2BV,1,ens,10,0.4,0.9402488985081549,0.7729131585277844,0.47368014222771904,1.0,0.5355440467908583
DV2BV,1,ens,50,0.08,0.6123392852541805,0.31994226605725284,1.2443765942645126,1.0,2.6777202339542914
DV2BV,1,ens,200,0.01,0.194506712014635,0.06663459225402935,1.519208471824998,1.0,10.710880935817165
DV2BV,1,ens,1000,0.01,0.194506712014635,0.06663459225402935,4.37406920718353,1.0,53.55440467908583
DV2BV,2,lr,10,0.4,0.9397461088991158,0.7993819824102686,0.4949971560059982,1.0,0.5438492166089249
DV2BV,2,lr,50,0.08,0.5475076270748229,0.31400047539814596,1.3063369357257355,1.0,2.719246083044625
DV2BV,2,lr,200,0.01,0.094032783494493,0.03185167577846446,1.2524173949014945,1.0,10.8769843321785
DV2BV,2,lr,1000,0.01,0.094032783494493,0.03185167577846446,2.638218108485444,1.0,54.384921660892495
DV2BV,2,svm,10,0.35,0.9125084027095507,0.7294984549560257,0.484228760535705,1.0,0.5438492166089249
DV2BV,2,svm,50,0.08,0.5029732664563835,0.27406703113857855,1.2422824344588654,1.0,2.719246083044625
DV2BV,2,svm,200,0.01,0.0959977248047986,0.0323270739244117,1.2556233517762037,1.0,10.8769843321785
DV2BV,2,svm,1000,0.01,0.0959977248047986,0.0323270739244117,2.662107658100212,1.0,54.384921660892495
DV2BV,2,lgbm,10,0.45,0.9174595377217023,0.7416211076776801,0.4858705207094472,1.0,0.5438492166089249
DV2BV,2,lgbm,50,0.060000000000000005,0.44261595739179893,0.1975279296410744,1.094511091576607,1.0,2.719246083044625
DV2BV,2,lgbm,200,0.01,0.13542582346553597,0.04231043498930354,1.3247841150007758,1.0,10.8769843321785
DV2BV,2,lgbm,1000,0.01,0.13542582346553597,0.04231043498930354,3.165623868866022,1.0,54.384921660892495
DV2BV,2,ens,10,0.4,0.933153213713222,0.7596862372236748,0.48000155126945543,1.0,0.5438492166089249
DV2BV,2,ens,50,0.08,0.6109286933140287,0.3204183503684336,1.2603676508609545,1.0,2.719246083044625
DV2BV,2,ens,200,0.01,0.16895909819535654,0.05633468029474685,1.4437923367288898,1.0,10.8769843321785
DV2BV,2,ens,1000,0.01,0.16895909819535654,0.05633468029474685,3.894798076425875,1.0,54.384921660892495
