scenario,seed,model,cwe,npos,miss
BV-R,0,lr,CWE-119,279,0.043010752688172046
BV-R,0,lr,CWE-125,64,0.046875
BV-R,0,lr,CWE-189,36,0.16666666666666666
BV-R,0,lr,CWE-190,32,0.03125
BV-R,0,lr,CWE-20,139,0.11510791366906475
BV-R,0,lr,CWE-200,45,0.08888888888888889
BV-R,0,lr,CWE-254,17,0.058823529411764705
BV-R,0,lr,CWE-264,67,0.16417910447761194
BV-R,0,lr,CWE-284,23,0.08695652173913043
BV-R,0,lr,CWE-362,25,0.28
BV-R,0,lr,CWE-399,84,0.10714285714285714
BV-R,0,lr,CWE-416,28,0.14285714285714285
BV-R,0,lr,CWE-476,28,0.17857142857142858
BV-R,0,lr,CWE-787,18,0.05555555555555555
BV-R,0,lr,none,246,0.08536585365853659
BV-R,0,lgbm,CWE-119,279,0.05017921146953405
BV-R,0,lgbm,CWE-125,64,0.046875
BV-R,0,lgbm,CWE-189,36,0.08333333333333333
BV-R,0,lgbm,CWE-190,32,0.0625
BV-R,0,lgbm,CWE-20,139,0.11510791366906475
BV-R,0,lgbm,CWE-200,45,0.2
BV-R,0,lgbm,CWE-254,17,0.058823529411764705
BV-R,0,lgbm,CWE-264,67,0.11940298507462686
BV-R,0,lgbm,CWE-284,23,0.13043478260869565
BV-R,0,lgbm,CWE-362,25,0.12
BV-R,0,lgbm,CWE-399,84,0.03571428571428571
BV-R,0,lgbm,CWE-416,28,0.17857142857142858
BV-R,0,lgbm,CWE-476,28,0.14285714285714285
BV-R,0,lgbm,CWE-787,18,0.0
BV-R,0,lgbm,none,246,0.08130081300813008
BV-R,1,lr,CWE-119,239,0.03765690376569038
BV-R,1,lr,CWE-125,53,0.018867924528301886
BV-R,1,lr,CWE-189,39,0.0
BV-R,1,lr,CWE-190,31,0.06451612903225806
BV-R,1,lr,CWE-20,128,0.0703125
BV-R,1,lr,CWE-200,63,0.07936507936507936
BV-R,1,lr,CWE-254,17,0.058823529411764705
BV-R,1,lr,CWE-264,52,0.057692307692307696
BV-R,1,lr,CWE-284,16,0.0
BV-R,1,lr,CWE-362,33,0.030303030303030304
BV-R,1,lr,CWE-399,91,0.0989010989010989
BV-R,1,lr,CWE-416,24,0.125
BV-R,1,lr,CWE-476,30,0.06666666666666667
BV-R,1,lr,none,268,0.048507462686567165
BV-R,1,lgbm,CWE-119,239,0.05439330543933055
BV-R,1,lgbm,CWE-125,53,0.0
BV-R,1,lgbm,CWE-189,39,0.05128205128205128
BV-R,1,lgbm,CWE-190,31,0.06451612903225806
BV-R,1,lgbm,CWE-20,128,0.0859375
BV-R,1,lgbm,CWE-200,63,0.09523809523809523
BV-R,1,lgbm,CWE-254,17,0.058823529411764705
BV-R,1,lgbm,CWE-264,52,0.09615384615384616
BV-R,1,lgbm,CWE-284,16,0.0625
BV-R,1,lgbm,CWE-362,33,0.12121212121212122
BV-R,1,lgbm,CWE-399,91,0.08791208791208792
BV-R,1,lgbm,CWE-416,24,0.08333333333333333
BV-R,1,lgbm,CWE-476,30,0.1
BV-R,1,lgbm,none,268,0.05223880597014925
BV-R,2,lr,CWE-119,228,0.08333333333333333
BV-R,2,lr,CWE-125,65,0.06153846153846154
BV-R,2,lr,CWE-189,28,0.03571428571428571
BV-R,2,lr,CWE-190,27,0.0
BV-R,2,lr,CWE-20,130,0.13846153846153847
BV-R,2,lr,CWE-200,50,0.08
BV-R,2,lr,CWE-254,16,0.125
BV-R,2,lr,CWE-264,65,0.15384615384615385
BV-R,2,lr,CWE-284,29,0.13793103448275862
BV-R,2,lr,CWE-362,21,0.09523809523809523
BV-R,2,lr,CWE-399,77,0.14285714285714285
BV-R,2,lr,CWE-416,41,0.17073170731707318
BV-R,2,lr,CWE-476,23,0.17391304347826086
BV-R,2,lr,CWE-787,26,0.07692307692307693
BV-R,2,lr,none,231,0.1038961038961039
BV-R,2,lgbm,CWE-119,228,0.10087719298245613
BV-R,2,lgbm,CWE-125,65,0.03076923076923077
BV-R,2,lgbm,CWE-189,28,0.07142857142857142
BV-R,2,lgbm,CWE-190,27,0.1111111111111111
BV-R,2,lgbm,CWE-20,130,0.16923076923076924
BV-R,2,lgbm,CWE-200,50,0.08
BV-R,2,lgbm,CWE-254,16,0.125
BV-R,2,lgbm,CWE-264,65,0.23076923076923078
BV-R,2,lgbm,CWE-284,29,0.10344827586206896
BV-R,2,lgbm,CWE-362,21,0.14285714285714285
BV-R,2,lgbm,CWE-399,77,0.14285714285714285
BV-R,2,lgbm,CWE-416,41,0.17073170731707318
BV-R,2,lgbm,CWE-476,23,0.21739130434782608
BV-R,2,lgbm,CWE-787,26,0.038461538461538464
BV-R,2,lgbm,none,231,0.08658008658008658
DV-R,0,lr,CWE-119,109,0.05504587155963303
DV-R,0,lr,CWE-119CWE-787,72,0.09722222222222222
DV-R,0,lr,CWE-120,17,0.23529411764705882
DV-R,0,lr,CWE-125,159,0.06918238993710692
DV-R,0,lr,CWE-125CWE-787,60,0.06666666666666667
DV-R,0,lr,CWE-189,38,0.02631578947368421
DV-R,0,lr,CWE-190,53,0.11320754716981132
DV-R,0,lr,CWE-20,138,0.13043478260869565
DV-R,0,lr,CWE-200,80,0.0375
DV-R,0,lr,CWE-22,18,0.2222222222222222
DV-R,0,lr,CWE-264,26,0.15384615384615385
DV-R,0,lr,CWE-295,16,0.125
DV-R,0,lr,CWE-310,58,0.05172413793103448
DV-R,0,lr,CWE-362,54,0.14814814814814814
DV-R,0,lr,CWE-369,20,0.0
DV-R,0,lr,CWE-399,43,0.09302325581395349
DV-R,0,lr,CWE-400,29,0.13793103448275862
DV-R,0,lr,CWE-400CWE-703,19,0.10526315789473684
DV-R,0,lr,CWE-401,33,0.09090909090909091
DV-R,0,lr,CWE-415,26,0.11538461538461539
DV-R,0,lr,CWE-416,105,0.21904761904761905
DV-R,0,lr,CWE-476,110,0.16363636363636364
DV-R,0,lr,CWE-59,17,0.11764705882352941
DV-R,0,lr,CWE-617,16,0.0
DV-R,0,lr,CWE-703,47,0.2127659574468085
DV-R,0,lr,CWE-703CWE-189,15,0.06666666666666667
DV-R,0,lr,CWE-787,174,0.08620689655172414
DV-R,0,lr,CWE-835,17,0.11764705882352941
DV-R,0,lr,none,393,0.10178117048346055
DV-R,0,lgbm,CWE-119,109,0.07339449541284404
DV-R,0,lgbm,CWE-119CWE-787,72,0.125
DV-R,0,lgbm,CWE-120,17,0.29411764705882354
DV-R,0,lgbm,CWE-125,159,0.0440251572327044
DV-R,0,lgbm,CWE-125CWE-787,60,0.06666666666666667
DV-R,0,lgbm,CWE-189,38,0.0
DV-R,0,lgbm,CWE-190,53,0.05660377358490566
DV-R,0,lgbm,CWE-20,138,0.09420289855072464
DV-R,0,lgbm,CWE-200,80,0.0875
DV-R,0,lgbm,CWE-22,18,0.16666666666666666
DV-R,0,lgbm,CWE-264,26,0.11538461538461539
DV-R,0,lgbm,CWE-295,16,0.0625
DV-R,0,lgbm,CWE-310,58,0.06896551724137931
DV-R,0,lgbm,CWE-362,54,0.2037037037037037
DV-R,0,lgbm,CWE-369,20,0.05
DV-R,0,lgbm,CWE-399,43,0.32558139534883723
DV-R,0,lgbm,CWE-400,29,0.1724137931034483
DV-R,0,lgbm,CWE-400CWE-703,19,0.15789473684210525
DV-R,0,lgbm,CWE-401,33,0.09090909090909091
DV-R,0,lgbm,CWE-415,26,0.0
DV-R,0,lgbm,CWE-416,105,0.1619047619047619
DV-R,0,lgbm,CWE-476,110,0.20909090909090908
DV-R,0,lgbm,CWE-59,17,0.058823529411764705
DV-R,0,lgbm,CWE-617,16,0.1875
DV-R,0,lgbm,CWE-703,47,0.2127659574468085
DV-R,0,lgbm,CWE-703CWE-189,15,0.0
DV-R,0,lgbm,CWE-787,174,0.09195402298850575
DV-R,0,lgbm,CWE-835,17,0.0
DV-R,0,lgbm,none,393,0.16030534351145037
DV-R,1,lr,CWE-119,105,0.05714285714285714
DV-R,1,lr,CWE-119CWE-787,75,0.06666666666666667
DV-R,1,lr,CWE-120,21,0.09523809523809523
DV-R,1,lr,CWE-125,163,0.07975460122699386
DV-R,1,lr,CWE-125CWE-787,57,0.10526315789473684
DV-R,1,lr,CWE-189,40,0.025
DV-R,1,lr,CWE-190,62,0.06451612903225806
DV-R,1,lr,CWE-20,125,0.072
DV-R,1,lr,CWE-200,69,0.13043478260869565
DV-R,1,lr,CWE-22,15,0.13333333333333333
DV-R,1,lr,CWE-264,24,0.08333333333333333
DV-R,1,lr,CWE-284,16,0.125
DV-R,1,lr,CWE-310,38,0.05263157894736842
DV-R,1,lr,CWE-362,44,0.09090909090909091
DV-R,1,lr,CWE-369,15,0.06666666666666667
DV-R,1,lr,CWE-399,45,0.1111111111111111
DV-R,1,lr,CWE-400,26,0.15384615384615385
DV-R,1,lr,CWE-400CWE-703,18,0.0
DV-R,1,lr,CWE-401,23,0.30434782608695654
DV-R,1,lr,CWE-415,20,0.1
DV-R,1,lr,CWE-416,122,0.16393442622950818
DV-R,1,lr,CWE-476,105,0.10476190476190476
DV-R,1,lr,CWE-703,43,0.16279069767441862
DV-R,1,lr,CWE-703CWE-189,15,0.13333333333333333
DV-R,1,lr,CWE-770,17,0.11764705882352941
DV-R,1,lr,CWE-787,207,0.07246376811594203
DV-R,1,lr,CWE-835,19,0.10526315789473684
DV-R,1,lr,none,396,0.09090909090909091
DV-R,1,lgbm,CWE-119,105,0.0761904761904762
DV-R,1,lgbm,CWE-119CWE-787,75,0.09333333333333334
DV-R,1,lgbm,CWE-120,21,0.0
DV-R,1,lgbm,CWE-125,163,0.06134969325153374
DV-R,1,lgbm,CWE-125CWE-787,57,0.05263157894736842
DV-R,1,lgbm,CWE-189,40,0.025
DV-R,1,lgbm,CWE-190,62,0.06451612903225806
DV-R,1,lgbm,CWE-20,125,0.064
DV-R,1,lgbm,CWE-200,69,0.10144927536231885
DV-R,1,lgbm,CWE-22,15,0.0
DV-R,1,lgbm,CWE-264,24,0.08333333333333333
DV-R,1,lgbm,CWE-284,16,0.1875
DV-R,1,lgbm,CWE-310,38,0.05263157894736842
DV-R,1,lgbm,CWE-362,44,0.1590909090909091
DV-R,1,lgbm,CWE-369,15,0.0
DV-R,1,lgbm,CWE-399,45,0.15555555555555556
DV-R,1,lgbm,CWE-400,26,0.2692307692307692
DV-R,1,lgbm,CWE-400CWE-703,18,0.05555555555555555
DV-R,1,lgbm,CWE-401,23,0.043478260869565216
DV-R,1,lgbm,CWE-415,20,0.05
DV-R,1,lgbm,CWE-416,122,0.1557377049180328
DV-R,1,lgbm,CWE-476,105,0.13333333333333333
DV-R,1,lgbm,CWE-703,43,0.11627906976744186
DV-R,1,lgbm,CWE-703CWE-189,15,0.2
DV-R,1,lgbm,CWE-770,17,0.29411764705882354
DV-R,1,lgbm,CWE-787,207,0.0821256038647343
DV-R,1,lgbm,CWE-835,19,0.0
DV-R,1,lgbm,none,396,0.12121212121212122
DV-R,2,lr,CWE-119,101,0.039603960396039604
DV-R,2,lr,CWE-119CWE-787,65,0.07692307692307693
DV-R,2,lr,CWE-120,20,0.1
DV-R,2,lr,CWE-125,180,0.08888888888888889
DV-R,2,lr,CWE-125CWE-787,72,0.027777777777777776
DV-R,2,lr,CWE-189,43,0.0
DV-R,2,lr,CWE-190,61,0.06557377049180328
DV-R,2,lr,CWE-20,131,0.11450381679389313
DV-R,2,lr,CWE-200,73,0.0821917808219178
DV-R,2,lr,CWE-22,28,0.17857142857142858
DV-R,2,lr,CWE-264,31,0.12903225806451613
DV-R,2,lr,CWE-284,16,0.25
DV-R,2,lr,CWE-284CWE-264,19,0.10526315789473684
DV-R,2,lr,CWE-295,18,0.16666666666666666
DV-R,2,lr,CWE-310,52,0.11538461538461539
DV-R,2,lr,CWE-362,43,0.11627906976744186
DV-R,2,lr,CWE-369,19,0.05263157894736842
DV-R,2,lr,CWE-399,47,0.19148936170212766
DV-R,2,lr,CWE-400,17,0.29411764705882354
DV-R,2,lr,CWE-400CWE-703,19,0.05263157894736842
DV-R,2,lr,CWE-401,23,0.17391304347826086
DV-R,2,lr,CWE-415,21,0.0
DV-R,2,lr,CWE-416,95,0.18947368421052632
DV-R,2,lr,CWE-476,116,0.11206896551724138
DV-R,2,lr,CWE-703,45,0.2
DV-R,2,lr,CWE-703CWE-189,16,0.0625
DV-R,2,lr,CWE-787,183,0.1092896174863388
DV-R,2,lr,CWE-835,18,0.05555555555555555
DV-R,2,lr,none,389,0.10539845758354756
DV-R,2,lgbm,CWE-119,101,0.06930693069306931
DV-R,2,lgbm,CWE-119CWE-787,65,0.07692307692307693
DV-R,2,lgbm,CWE-120,20,0.15
DV-R,2,lgbm,CWE-125,180,0.1
DV-R,2,lgbm,CWE-125CWE-787,72,0.013888888888888888
DV-R,2,lgbm,CWE-189,43,0.06976744186046512
DV-R,2,lgbm,CWE-190,61,0.06557377049180328
DV-R,2,lgbm,CWE-20,131,0.11450381679389313
DV-R,2,lgbm,CWE-200,73,0.1506849315068493
DV-R,2,lgbm,CWE-22,28,0.03571428571428571
DV-R,2,lgbm,CWE-264,31,0.03225806451612903
DV-R,2,lgbm,CWE-284,16,0.1875
DV-R,2,lgbm,CWE-284CWE-264,19,0.2631578947368421
DV-R,2,lgbm,CWE-295,18,0.16666666666666666
DV-R,2,lgbm,CWE-310,52,0.1346153846153846
DV-R,2,lgbm,CWE-362,43,0.09302325581395349
DV-R,2,lgbm,CWE-369,19,0.05263157894736842
DV-R,2,lgbm,CWE-399,47,0.1702127659574468
DV-R,2,lgbm,CWE-400,17,0.29411764705882354
DV-R,2,lgbm,CWE-400CWE-703,19,0.15789473684210525
DV-R,2,lgbm,CWE-401,23,0.043478260869565216
DV-R,2,lgbm,CWE-415,21,0.047619047619047616
DV-R,2,lgbm,CWE-416,95,0.21052631578947367
DV-R,2,lgbm,CWE-476,116,0.09482758620689655
DV-R,2,lgbm,CWE-703,45,0.17777777777777778
DV-R,2,lgbm,CWE-703CWE-189,16,0.125
DV-R,2,lgbm,CWE-787,183,0.09836065573770492
DV-R,2,lgbm,CWE-835,18,0.05555555555555555
DV-R,2,lgbm,none,389,0.11053984575835475
