scenario,seed,model,n_test,pos_test,test_auroc,test_auprc,test_f1,test_mcc,test_prec,test_rec,id_auroc,id_auprc,id_f1,id_mcc,id_prec,id_rec,leaky_auroc,leaky_auprc,leaky_f1,leaky_mcc,leaky_prec,leaky_rec,n_leaky
BV-P,0,lr,11670,699,0.6962744413057235,0.14216817715574998,0.15919629057187018,0.11058303696579086,0.173109243697479,0.1473533619456366,0.8725598327059072,0.4258298518178381,0.45298372513562385,0.4245476437477761,0.44063324538258575,0.466046511627907,,,,,,,
BV-P,0,svm,11670,699,0.6868286778682621,0.13299598309172844,0.17007251153592617,0.11315921640897032,0.15770171149144255,0.18454935622317598,0.8694619014530486,0.43850833887362606,0.45266781411359724,0.4239783883219209,0.4211369095276221,0.48930232558139536,,,,,,,
BV-P,0,lgbm,11670,699,0.6810275209881586,0.1283599733002958,0.17142857142857143,0.1160369893949847,0.16342412451361868,0.18025751072961374,0.8286212530345144,0.3450950308079772,0.3708854891052388,0.3388051612964723,0.36968576709796674,0.37209302325581395,,,,,,,
BV-P,0,ens,11670,699,0.6999893985039763,0.14233584086343856,0.17857142857142858,0.12097620583794233,0.1611047180667434,0.20028612303290416,0.8685082723498574,0.4100260338565935,0.4260504201680672,0.39597131459553025,0.38850574712643676,0.47162790697674417,,,,,,,
BV-P,1,lr,45942,2394,0.6777392056041024,0.1150480493169385,0.08794788273615635,0.0811563555181592,0.1997041420118343,0.05639097744360902,0.8859265366127638,0.4620509927669183,0.46511627906976744,0.43787698180589796,0.44699872286079184,0.48476454293628807,,,,,,,
BV-P,1,svm,45942,2394,0.669935095577037,0.11409214634947615,0.05970149253731343,0.07134125139259154,0.23229461756373937,0.034252297410192145,0.8838048153319128,0.47642926314591166,0.4692820133234641,0.44603257560150406,0.5039745627980922,0.4390581717451524,,,,,,,
BV-P,1,lgbm,45942,2394,0.679742415804982,0.11172192204108473,0.09803921568627451,0.07782243919448495,0.1697530864197531,0.06892230576441102,0.8314762647286035,0.3526784366341373,0.3711484593837535,0.3403740775155249,0.37535410764872523,0.3670360110803324,,,,,,,
BV-P,1,ens,45942,2394,0.6905581250514609,0.11990546532647134,0.08133971291866028,0.08355989093574735,0.2236842105263158,0.049707602339181284,0.8797794581102174,0.4318094594087348,0.43716679360243715,0.4144368019032201,0.4856175972927242,0.3975069252077562,,,,,,,
BV-P,2,lr,10925,836,0.6742522056093115,0.16808219134267663,0.19414703783012136,0.1442365450264775,0.2407079646017699,0.16267942583732056,0.8767018862392082,0.4558939160195205,0.46113989637305697,0.43333263640016967,0.42685851318944845,0.5014084507042254,,,,,,,
BV-P,2,svm,10925,836,0.6640742487554544,0.16338915160795262,0.17204301075268819,0.1430784496151028,0.27882037533512066,0.12440191387559808,0.8750915259312214,0.46309242579334997,0.4693176239567992,0.4444413730684781,0.49176954732510286,0.4488262910798122,,,,,,,
BV-P,2,lgbm,10925,836,0.6901118917234697,0.18804040782753867,0.2324621733149931,0.1814088964129703,0.27346278317152106,0.2021531100478469,0.8398888511660241,0.34106009249781466,0.36407071189679885,0.3327726357579663,0.37062256809338523,0.35774647887323946,,,,,,,
BV-P,2,ens,10925,836,0.6911229293735515,0.1922535813903503,0.26194310252281267,0.1951653742481137,0.23758519961051608,0.291866028708134,0.8785068478072866,0.42529630822314607,0.42928709055876685,0.4024949012794206,0.36405228758169933,0.5230046948356808,,,,,,,
BV-R,0,lr,24303,1254,0.854931951712609,0.41480079290003025,0.43146603098927294,0.4004206733501461,0.42992874109263657,0.43301435406698563,0.8598656416557218,0.42070763165833996,0.4449818621523579,0.41539361575086237,0.4405426975259378,0.4495114006514658,,,,,,,
BV-R,0,svm,24303,1254,0.8531344843794751,0.41780445338348454,0.426000734484025,0.39353873663326455,0.3948264125255276,0.4625199362041467,0.8567030806201879,0.42381001770539023,0.4472795497185741,0.41711705031556995,0.41475295755045233,0.48534201954397393,,,,,,,
BV-R,0,lgbm,24303,1254,0.8196997167742559,0.3230876571045647,0.349420127197905,0.31238010161818264,0.32910500352360816,0.372408293460925,0.8114375539043068,0.319402763999266,0.3509984639016897,0.315248203507925,0.3321220930232558,0.3721498371335505,,,,,,,
BV-R,0,ens,24303,1254,0.8557192972768716,0.38998276362196016,0.4038610038610039,0.3705502243187345,0.39146706586826346,0.41706539074960125,0.8535734975725819,0.3941926767487609,0.4199919387343813,0.3890689326623629,0.4158020750199521,0.4242671009771987,,,,,,,
BV-R,1,lr,24415,1231,0.8791137365246432,0.4309220674964691,0.4511727078891258,0.4241415253535177,0.4748653500897666,0.429731925264013,0.8544615538067376,0.4127722103392966,0.43613707165109034,0.4118272769003603,0.4885343968095713,0.39389067524115756,,,,,,,
BV-R,1,svm,24415,1231,0.8765044410021983,0.43720101970441827,0.44605358435916004,0.4160192087981091,0.4023514043109079,0.5004061738424046,0.852230976738496,0.41942842916991485,0.4336448598130841,0.4020328541033715,0.4053109713487072,0.4662379421221865,,,,,,,
BV-R,1,lgbm,24415,1231,0.8397060089061114,0.34958037466925274,0.36629213483146067,0.3309973165252445,0.33981931897150797,0.3972380178716491,0.8078517306764645,0.30832958747375044,0.33150470219435735,0.2947028117400168,0.32339449541284404,0.340032154340836,,,,,,,
BV-R,1,ens,24415,1231,0.8781182391957477,0.4176774729305739,0.426027397260274,0.39600694461523156,0.36826524570751923,0.5052802599512591,0.850790130716501,0.3819187543960882,0.4054343939935645,0.3722736775487613,0.36509980682549903,0.4557877813504823,,,,,,,
BV-R,2,lr,24367,1193,0.8742729209708455,0.434128147528888,0.45053147996729354,0.421654904059482,0.4397446129289705,0.46186085498742663,0.8773180412528754,0.417726452147745,0.45278350515463917,0.4237806506729024,0.44634146341463415,0.4594142259414226,,,,,,,
BV-R,2,svm,24367,1193,0.8716037302549733,0.4405794907525123,0.4570957095709571,0.4287442151058179,0.45004061738424045,0.46437552388935455,0.8758452291166221,0.4305503422106155,0.45278350515463917,0.4237806506729024,0.44634146341463415,0.4594142259414226,,,,,,,
BV-R,2,lgbm,24367,1193,0.8304647388237721,0.33726782360324586,0.347005742411813,0.31271361501275385,0.3397590361445783,0.35456831517183574,0.8369068015481044,0.3383853945694415,0.36042402826855124,0.3254905806703992,0.33949704142011833,0.38410041841004183,,,,,,,
BV-R,2,ens,24367,1193,0.8717009212929107,0.4141288673870479,0.4208664898320071,0.3934167146010147,0.4452759588400374,0.3989941324392288,0.877375792129072,0.40360717481841635,0.42950108459869846,0.40112312061986455,0.44594594594594594,0.41422594142259417,,,,,,,
BV-T,0,lr,52669,2288,0.707826445527042,0.10202083843258263,0.07649558679306963,0.06476099923743779,0.1517509727626459,0.05113636363636364,0.8887100578360839,0.4364615993668799,0.44823066841415465,0.43141389381077694,0.5059171597633136,0.4023529411764706,,,,,,,
BV-T,0,svm,52669,2288,0.7003078803503319,0.10213422717530748,0.07659007659007659,0.0675613113779913,0.16083916083916083,0.05026223776223776,0.886017886866977,0.45364379161741714,0.46195652173913043,0.4493386786081578,0.5466237942122186,0.4,,,,,,,
BV-T,0,lgbm,52669,2288,0.7256044127316283,0.11558155042479508,0.15282051282051282,0.12327266291144183,0.184863523573201,0.13024475524475523,0.8577595711665961,0.34532877335741685,0.3518987341772152,0.32858117227324474,0.38082191780821917,0.3270588235294118,,,,,,,
BV-T,0,ens,52669,2288,0.7285457584187512,0.11544955432395174,0.1448827017272493,0.11530343315164837,0.17661847894406035,0.12281468531468531,0.8901161799971787,0.41517100538264384,0.42890995260663506,0.4058114137460491,0.431980906921241,0.4258823529411765,,,,,,,
BV-T,1,lr,52669,2288,0.7108523913166288,0.10389784075438688,0.10201020102010201,0.08322270183400042,0.16267942583732056,0.0743006993006993,0.8771362284743327,0.45465839161566607,0.47256438969764836,0.4510733610099319,0.5108958837772397,0.4395833333333333,,,,,,,
BV-T,1,svm,52669,2288,0.7015840909403215,0.1022651367273989,0.0978328173374613,0.08227854756543507,0.16772823779193205,0.06905594405594405,0.8725114776329117,0.45366688071757866,0.4503464203233256,0.43016631332576377,0.5051813471502591,0.40625,,,,,,,
BV-T,1,lgbm,52669,2288,0.7011672671376974,0.10901571481740756,0.16050183863292233,0.12197842173696509,0.1588865096359743,0.16215034965034966,0.8389315385746495,0.36061344000752527,0.38054968287526425,0.35189547316770187,0.38626609442060084,0.375,,,,,,,
BV-T,1,ens,52669,2288,0.7177239982036185,0.11264598710298623,0.18181818181818182,0.1399501774906329,0.15112912565141864,0.22814685314685315,0.8733077639447113,0.4340483578369061,0.4409991386735573,0.41691047787407326,0.37591776798825255,0.5333333333333333,,,,,,,
BV-T,2,lr,52669,2288,0.709958277887532,0.10361346864913928,0.0646996089584074,0.06393729967854497,0.17333333333333334,0.03977272727272727,0.88922281119653,0.4408942779407482,0.46029609690444145,0.4490364175057665,0.5588235294117647,0.391304347826087,,,,,,,
BV-T,2,svm,52669,2288,0.7016375212142218,0.10298504159105469,0.07761194029850746,0.0681895947049253,0.1609353507565337,0.05113636363636364,0.8819868446706549,0.4543088057237579,0.4727272727272727,0.45792068402509595,0.5465465465465466,0.41647597254004576,,,,,,,
BV-T,2,lgbm,52669,2288,0.7043721119544595,0.10569628721002139,0.14870881567230632,0.11082460536199687,0.1515426497277677,0.145979020979021,0.8518709291135389,0.3582609461973059,0.3827433628318584,0.3557501758795308,0.37044967880085655,0.39588100686498856,,,,,,,
BV-T,2,ens,52669,2288,0.7188039464455673,0.10987361761821993,0.13636363636363635,0.10917707561144792,0.1756198347107438,0.11145104895104894,0.8857575245173384,0.424333920974264,0.4447058823529412,0.42192783043315824,0.4576271186440678,0.43249427917620137,,,,,,,
BV2DV,0,lr,199348,11207,0.7114198518586176,0.13857740763447562,0.18181818181818182,0.14011379895299067,0.2057961208840776,0.16284465066476309,0.8639796272043133,0.43120064285954807,0.44107744107744107,0.4131498839320127,0.46702317290552586,0.4178628389154705,0.9535935016975625,0.8661548969252675,0.8125,0.8034859063186691,0.7716405605935697,0.8579285059578369,44251.0
BV2DV,0,svm,199348,11207,0.7047170918123173,0.14038706466081075,0.20168210733040173,0.15211195281537995,0.19335297969875573,0.21076113143570982,0.8612295744943353,0.43495472267268315,0.44215349369988544,0.410856314541913,0.42417582417582417,0.46172248803827753,0.9502246091756332,0.7951761451540218,0.7628909551986475,0.7521238516102821,0.707843137254902,0.8272227314390468,44251.0
BV2DV,0,lgbm,199348,11207,0.715274981666353,0.1389765947502863,0.19806313059686373,0.14632446330375504,0.18141330166270783,0.21807798697242795,0.82301715857687,0.3330796045111557,0.35560765924189136,0.31988222596688654,0.3486590038314176,0.3628389154704944,0.901301698081056,0.6473581601308802,0.6167883211678832,0.5968236891928961,0.6139872842870118,0.6196150320806599,44251.0
BV2DV,0,ens,199348,11207,0.7245828936848819,0.14634638988254292,0.1814210980750673,0.1412549446039194,0.21056354633341193,0.1593646827875435,0.8622252343198109,0.40393660139454546,0.4122207022343821,0.3894707936727646,0.48136315228966986,0.36044657097288674,0.9502649928332354,0.8043497834720499,0.764265668849392,0.7524791484287785,0.7803247373447947,0.7488542621448213,44251.0
BV2DV,1,lr,199713,11181,0.7093939119121744,0.1365052642290625,0.17147168184512582,0.13604923809248537,0.2156995661605206,0.14229496467221178,0.8835269877149932,0.4480393764909181,0.46843709185894644,0.443601101345564,0.5046904315196998,0.4370430544272949,0.9507040037456378,0.8633482165081799,0.8194476146998402,0.8107539313561235,0.7872807017543859,0.8543550690147549,43998.0
BV2DV,1,svm,199713,11181,0.7020062282560054,0.1378093483044597,0.17480306521622635,0.13905724187631682,0.218048128342246,0.14587246221268224,0.8809815685654523,0.4541085610580766,0.46234218545929473,0.4371887278085177,0.4981238273921201,0.43135662063363117,0.9470290613308763,0.7881935763416986,0.7676767676767676,0.7559380047118607,0.7578849721706865,0.777724892908139,43998.0
BV2DV,1,lgbm,199713,11181,0.7034336027058126,0.1342093921991036,0.18332283889538545,0.13518710119203597,0.18438433004614133,0.18227349968696896,0.8426076185486615,0.3672131324103456,0.39016115351993214,0.35966738753699456,0.40816326530612246,0.3736799350121852,0.9142146119156681,0.6927168041983478,0.6665017318159328,0.6510321997160441,0.6939721792890263,0.6411232746311281,43998.0
BV2DV,1,ens,199713,11181,0.717742916389498,0.14229735444582067,0.2046135167948199,0.1534559089504682,0.18685786089141843,0.22609784455773185,0.8812932418166763,0.4323997859992176,0.4444444444444444,0.4139135725004465,0.41311933007676205,0.4809098294069862,0.9485898459740069,0.8187980999579229,0.7481545809813287,0.7375200728510373,0.6878243512974052,0.8200856734888149,43998.0
BV2DV,2,lr,199107,10999,0.7120282843881366,0.13704578318124822,0.1796382849014428,0.1386612023565853,0.2035693724812896,0.160741885625966,0.8816116581789387,0.45799082733643737,0.47835224884405214,0.4515829996392668,0.4797639123102867,0.47694886839899414,0.9472252459953501,0.8556094766237226,0.8013289036544851,0.7918780511297532,0.7610433319310055,0.8461178671655754,44113.0
BV2DV,2,svm,199107,10999,0.7052630302892252,0.13805863965792833,0.18929798723613156,0.14640615716108654,0.20574111620958274,0.17528866260569143,0.8787972415541276,0.4646322358119392,0.47835224884405214,0.4515829996392668,0.4797639123102867,0.47694886839899414,0.943886517599511,0.7826809691651477,0.768025078369906,0.7564397299232523,0.7366838487972509,0.8021515434985969,44113.0
BV2DV,2,lgbm,199107,10999,0.7073030937113263,0.13555705287835074,0.1840410639290714,0.13772100765772136,0.18905186463426327,0.17928902627511592,0.8430562591788019,0.37251237222065997,0.39078422684980063,0.36195141858507424,0.4144736842105263,0.3696563285834032,0.9114440363016206,0.6961221823692675,0.6749755620723362,0.6599348686631888,0.7067553735926305,0.6459307764265669,44113.0
BV2DV,2,ens,199107,10999,0.7213190374105636,0.14347692097653073,0.19852907164993755,0.15256059787226062,0.20207156308851223,0.1951086462405673,0.8796413784532208,0.4447158633800612,0.45397225725094575,0.4259516833370328,0.45531197301854975,0.4526404023470243,0.9456359274391022,0.8121288368403591,0.7645466847090663,0.7526337754752369,0.7382404181184669,0.7927970065481759,44113.0
DV-P,0,lr,91423,4522,0.6701538077352084,0.1028781349153636,0.11975204282896591,0.09071818621830226,0.16498447204968944,0.09398496240601503,0.8385359513565392,0.24238025968125715,0.34188368905423927,0.3034916951460209,0.26358695652173914,0.4863509749303621,,,,,,,
DV-P,0,svm,91423,4522,0.6685282155044321,0.10596361151402199,0.14916039374638101,0.10721923235087806,0.15657670799902748,0.14241486068111456,0.8363138810913633,0.2637140568622933,0.33890386343216533,0.30509148297982064,0.25013262599469493,0.5253481894150418,,,,,,,
DV-P,0,lgbm,91423,4522,0.7176359504924699,0.128564160258548,0.16993615786419036,0.1291762087958991,0.17884192523821157,0.16187527642636002,0.8116927542654511,0.2637253088200492,0.33082383308238333,0.28737877130967654,0.2694463910301331,0.4284122562674095,,,,,,,
DV-P,0,ens,91423,4522,0.7106675594454631,0.12671785382247952,0.1730195558501823,0.12995164357749434,0.17288584676529034,0.17315347191508182,0.8441207943090941,0.27197011083385253,0.3476042995081071,0.31438819541793395,0.2582566323768273,0.5314763231197771,,,,,,,
DV-P,1,lr,56651,2743,0.7190876242320567,0.13105710867749015,0.18169233431389514,0.1380272366954092,0.17292490118577075,0.19139628144367482,0.8347942830590709,0.23787081473076357,0.32748710390567426,0.2980448107867299,0.23724108477471706,0.5285442435775451,,,,,,,
DV-P,1,svm,56651,2743,0.7239906995380336,0.1393473205026098,0.18527131782945735,0.1468810563257729,0.19776582540339263,0.17426175720014583,0.8340585606516333,0.2556169691203787,0.32478353210259764,0.2885585703152366,0.247325205274944,0.47288296860133205,,,,,,,
DV-P,1,lgbm,56651,2743,0.7486666127362828,0.14238295932035813,0.21578868825548425,0.17141141281797959,0.18266801414855988,0.26358002187386076,0.8048179562485788,0.24837156446519756,0.3074198689569683,0.2656550170592476,0.244851904090268,0.41294005708848713,,,,,,,
DV-P,1,ens,56651,2743,0.750920567577751,0.15010425034999736,0.22293762575452716,0.17952575023158124,0.17635823429541597,0.3029529711994167,0.8407819613046663,0.2608730087848736,0.32692859191281903,0.299414153764345,0.23399014778325122,0.5423406279733587,,,,,,,
DV-P,2,lr,62417,3176,0.7239088533764038,0.12560985153280224,0.17523691160478483,0.1304171330236318,0.17295308187672492,0.17758186397984888,0.838410908785955,0.23634715442298676,0.3400847856806406,0.3060825548744138,0.25434476279943635,0.5130270014211274,,,,,,,
DV-P,2,svm,62417,3176,0.72642433288233,0.13274079934515995,0.1933302597203012,0.14904376097337205,0.18883218252776943,0.1980478589420655,0.8398824498008768,0.2600188314956809,0.3423039054808008,0.30605203728761965,0.2618629173989455,0.49407863571766936,,,,,,,
DV-P,2,lgbm,62417,3176,0.7599443093674019,0.14616421311103223,0.23253655140403806,0.18737985051962333,0.18412348401323042,0.3154911838790932,0.80547868628236,0.24514680532851443,0.3092302565811396,0.2675055909388163,0.23849910048830636,0.4396020843202274,,,,,,,
DV-P,2,ens,62417,3176,0.7583689869119764,0.14624278512287547,0.22925958965209633,0.1842486426378156,0.17748618784530387,0.3236775818639798,0.8428679438062958,0.25867136486566905,0.33265895953757224,0.30306370000507027,0.23934289873154502,0.5452392231170061,,,,,,,
DV-R,0,lr,48553,2637,0.8320854692265373,0.2260114538492651,0.3255046337438111,0.29213009032778264,0.24465648854961833,0.48615851346226774,0.8387680141881025,0.22745754004627686,0.3254437869822485,0.294315309407225,0.24340965941889553,0.49088086922778423,,,,,,,
DV-R,0,svm,48553,2637,0.83134127832913,0.24500078404012518,0.3257011245088741,0.28903844397997064,0.2533726812816189,0.45582100872203263,0.8373793647807689,0.24397826353808869,0.3297638660076881,0.2956911993941629,0.25515190142341193,0.46604578967792004,,,,,,,
DV-R,0,lgbm,48553,2637,0.7982020629714652,0.22640310186433044,0.29709932610606504,0.25456607144969395,0.24206254476008593,0.3845278725824801,0.81031519594318,0.23032952054308706,0.30615248748896084,0.26660792164721914,0.24662082048849893,0.40357004268529295,,,,,,,
DV-R,0,ens,48553,2637,0.834650531482809,0.24182677062115399,0.3200749966519352,0.2831915889133801,0.2474120082815735,0.45316647705726204,0.8434862240571496,0.24687551646188327,0.325411828247367,0.29158993603593525,0.24953406502381445,0.4675979821497866,,,,,,,
DV-R,1,lr,48656,2636,0.8334540460075747,0.22969710180934227,0.326211695763643,0.2955060590183225,0.2405040504050405,0.5068285280728376,0.8276956024552282,0.22516772349943354,0.3150883991281182,0.28181451872050406,0.23294538943598925,0.48671904227459784,,,,,,,
DV-R,1,svm,48656,2636,0.8334214927006072,0.2470435068490337,0.32805128825450586,0.29827195606338774,0.24080980287693127,0.5144157814871017,0.826583446257965,0.24286646703331136,0.3189634294017922,0.28633848483884217,0.23581020590868398,0.49270482603815935,,,,,,,
DV-R,1,lgbm,48656,2636,0.8028048766815775,0.23310946089918202,0.2992212050826616,0.25898960117795805,0.23382447149263294,0.415402124430956,0.7953520813627072,0.21897179580124693,0.2887657158307422,0.24677995862431643,0.2260795935647756,0.3995510662177329,,,,,,,
DV-R,1,ens,48656,2636,0.8391489375207323,0.24955125789660174,0.3271479410269446,0.29412405784377277,0.2459862385321101,0.48823975720789076,0.8320768023312373,0.23871493505869407,0.31385473444036,0.27788557272103687,0.23734662576687116,0.46315001870557426,,,,,,,
DV-R,2,lr,48856,2649,0.8315824273069673,0.23023399520077925,0.32074055541656243,0.2873061808045856,0.23985032740879325,0.48395620989052474,0.833064876506558,0.2238590365664011,0.3230941425195871,0.29019268598699227,0.24064468321600593,0.49148694665153236,,,,,,,
DV-R,2,svm,48856,2649,0.8299504242333007,0.2514928154820625,0.32134231600355917,0.28710563505864545,0.24223840551935608,0.47716119290298226,0.834517474452338,0.2431387382443967,0.3313549690617502,0.29884684666557126,0.2486732373009856,0.4964055996973137,,,,,,,
DV-R,2,lgbm,48856,2649,0.8003079197593463,0.23474917058052674,0.2972119214393627,0.25634954744646615,0.23359240069084627,0.40845602114005286,0.8030947281364,0.2320376411101103,0.30857611817808783,0.26903902456032813,0.2416452442159383,0.4267877412031782,,,,,,,
DV-R,2,ens,48856,2649,0.8350431045261936,0.25115644579316426,0.32031750096018435,0.28554404132724676,0.2423479271600155,0.4722536806342016,0.8379965877625551,0.24465332656029135,0.32085150038471405,0.2858771011093202,0.24267701260911737,0.4733257661748014,,,,,,,
DV2BV,0,lr,77380,4240,0.6796170951548077,0.14918374079213625,0.18390169819135718,0.14743504942077468,0.2217782217782218,0.1570754716981132,0.8352832180430849,0.22882743580547016,0.3305594082293111,0.3043490893574315,0.23773898586866168,0.5422828972317026,0.984795855708241,0.7006123486013206,0.5734377497203133,0.6110932710763584,0.4039630713803197,0.987885462555066,44376.0
DV2BV,0,svm,77380,4240,0.6845372469959397,0.1613388170241333,0.18127458693941778,0.16024256372942627,0.2723404255319149,0.13584905660377358,0.836316770169715,0.2509722789490346,0.33456855479089465,0.3002297055256469,0.25696279731652777,0.47933257489571485,0.9753892211772548,0.6043799384557753,0.6033582089552239,0.6176477254929696,0.4562641083521445,0.8904185022026432,44376.0
DV2BV,0,lgbm,77380,4240,0.7099885477450844,0.16350529520830429,0.1976140350877193,0.16362856044942936,0.2440207972270364,0.1660377358490566,0.8047819668588727,0.234465443717297,0.3041575492341357,0.26436187541431583,0.2378609625668449,0.4216913158892681,0.8769091407103937,0.3875569156652532,0.3997093023255814,0.39107651602966514,0.2982646420824295,0.6057268722466961,44376.0
DV2BV,0,ens,77380,4240,0.7100352467611868,0.16980863512180464,0.18660812294182216,0.1656051245646311,0.27842770238652315,0.1403301886792453,0.8400363701858761,0.25010958731650346,0.32596300931720207,0.28823391459039677,0.25735617039964864,0.4444444444444444,0.9698517744319499,0.5967446766197587,0.5732217573221757,0.5809490475594263,0.4378268448576409,0.8298458149779736,44376.0
DV2BV,1,lr,77622,4157,0.6785989053714397,0.15130870297163038,0.18146503884572698,0.1444710769151275,0.2143559488692232,0.15732499398604763,0.8376903531749407,0.23194414314120568,0.32967794066720535,0.30357340352553375,0.23693379790940766,0.5417298937784522,0.9821149886512545,0.7031167696242093,0.5796593983765717,0.6154799415704566,0.41041244083840434,0.9864572047670639,44024.0
DV2BV,1,svm,77622,4157,0.6842921114315914,0.1626211265290501,0.17640358014646054,0.15776467169296793,0.272635814889336,0.13038248737070002,0.8391981755309924,0.24956102735992575,0.3377670294236195,0.3032378124086525,0.26149365508633243,0.4768588770864947,0.9727350312330033,0.6101341681226735,0.6079460269865068,0.6190048714809883,0.464756446991404,0.8786565547128927,44024.0
DV2BV,1,lgbm,77622,4157,0.7136756662921396,0.16323206230751727,0.18835412953060013,0.15851349731992098,0.2462135922330097,0.15251383209044983,0.8060444789129751,0.23553714128864517,0.30606466994486664,0.264247921431074,0.2520245398773006,0.3896054628224583,0.8687966625682303,0.35398118606665374,0.3934748427672956,0.375348666831023,0.30876002467612584,0.5422535211267606,44024.0
DV2BV,1,ens,77622,4157,0.7116992768080043,0.17125387733670724,0.20156314273961332,0.16479846805028617,0.234375,0.17681019966321868,0.8421676570324044,0.2528532422364845,0.3355429673375919,0.30731794802274603,0.2458929517753047,0.5280728376327769,0.9663392280058302,0.5790841303428024,0.522789499114189,0.5461782867966958,0.3719917487966995,0.8791982665222102,44024.0
DV2BV,2,lr,77356,4207,0.6792342240469919,0.15228463860070102,0.17506112469437654,0.15802074643231323,0.27852697095435686,0.12764440218683148,0.8374748798721932,0.23917801481426357,0.32985553772070625,0.29421054280705794,0.2554381603480423,0.4654586636466591,0.9848814363754511,0.7189174850964538,0.6581181145024382,0.6817940086733854,0.4936331617447846,0.9869989165763814,44142.0
DV2BV,2,svm,77356,4207,0.6857086731448885,0.16264225129987703,0.18946721940733915,0.16477835109072259,0.2675628794449263,0.1466603280247207,0.8372395902584969,0.25980432646045504,0.3307861675948711,0.29692072554649795,0.2517744479495268,0.4820687051717629,0.9754101760978348,0.6278850854230578,0.5961192957240388,0.6124768610445055,0.4459677419354839,0.8986998916576381,44142.0
DV2BV,2,lgbm,77356,4207,0.7078853574729189,0.16279535131437553,0.17743940335612182,0.15326633820978866,0.25616868550919697,0.13572617066793438,0.8097673342739853,0.24053748332946756,0.30972906403940886,0.2676059956871241,0.2615024694567195,0.3797659494148735,0.8863047951690004,0.43308071292781863,0.4476394849785408,0.4286413604797751,0.3706467661691542,0.5650054171180932,44142.0
DV2BV,2,ens,77356,4207,0.7083768911059793,0.17069138322625693,0.19921363040629095,0.16872271605782568,0.2571428571428571,0.16258616591395295,0.8423255835878892,0.2561628531621466,0.3329933707292198,0.3003453006258234,0.251395572666025,0.49301623254058136,0.9709657916215924,0.6294166561509236,0.553448275862069,0.5705260848951306,0.40591805766312594,0.8694474539544962,44142.0
