ds,seed,auroc,auprc
DiverseVul,0,0.7470707585165742,0.1612488354902911
DiverseVul->BigVul,0,0.693708706347511,0.13275093153720002
DiverseVul,1,0.7512264369783145,0.16355189055943156
DiverseVul->BigVul,1,0.69573333505179,0.13365459791633963
DiverseVul,2,0.7495652350380254,0.16708816214761113
DiverseVul->BigVul,2,0.6928265727535663,0.12939406586099483
BigVul,0,0.7481885896927306,0.20218614736450294
BigVul->DiverseVul,0,0.7118217202765262,0.13956628600441764
BigVul,1,0.7652302051219951,0.22084088004622004
BigVul->DiverseVul,1,0.7082996361936481,0.1364021549995628
BigVul,2,0.7553109096813487,0.19916197762071655
BigVul->DiverseVul,2,0.7099248983883704,0.13577682570988975
