feature,DiverseVul,BigVul
chars,0.0574896858180497,0.48007150234888823
lines,0.35001467569966377,0.1131929061043465
tokens,0.12743754469786384,0.11236814764004587
max_nesting,0.012919879473978636,0.014782532324131153
kw_if,0.022133319138658278,0.0164074871989253
kw_else,0.020030609522950056,0.015904395719042664
kw_for,0.008377317664481979,0.02114986946695487
kw_while,0.007937280224108636,0.008315940507360248
kw_do,0.0017849109529547394,0.0022488713346794967
kw_switch,0.006471544667697321,0.002107117842525732
kw_case,0.012099695305151675,0.005462257890250555
kw_goto,0.04438546070017844,0.016514918332567127
kw_return,0.027140864621531712,0.08848591656897098
kw_break,0.00759197432603611,0.019592663964039816
kw_continue,0.009129390276523063,0.008109857286264935
api_strcpy,0.000865455847834145,0.0012898015052616857
api_strncpy,0.0005189558821628676,0.0004985224436791936
api_strcat,0.00038586324978154567,0.00022891589202850724
api_strncat,0.00012833969188013328,0.0
api_sprintf,0.006092072157619563,0.0017182199853809936
api_snprintf,0.0015350308556807228,0.001417579393383712
api_vsprintf,0.00011811086431588211,0.0
api_gets,0.0,0.0
api_scanf,0.0,0.0
api_sscanf,0.0007918974597625972,0.00042138420625961926
api_memcpy,0.01330729603472841,0.003656604753303917
api_memmove,0.00030622061241397934,0.0004099372580016979
api_memset,0.0021440597770675776,0.0020409352013220613
api_alloca,0.00010978679748074959,7.062426557581088e-06
api_malloc,0.003362118406952249,0.004455624769117435
api_calloc,0.001418225785940607,0.0006849250788444044
api_realloc,0.00023415124543903326,0.0009620074095638209
api_free,0.013330740188779644,0.0023058011043094774
api_read,0.0023312701241411976,0.0018258924699309969
api_recv,0.00027585548236276186,0.0012689989014899414
api_fread,0.00017112529279432673,0.0008075342750141169
api_system,0.0005351591987050949,0.0008100200155619356
api_popen,0.0,0.0
api_exec,0.0003770926657588843,0.0017150537954972293
api_atoi,0.0011449366935558421,0.00032730936306965666
api_strlen,0.0016570839465775318,0.002576040148930209
api_sizeof,0.015041948423140883,0.006470808212994783
api_printf,0.0011377487680185182,0.001265931379774748
api_fprintf,0.000860162354415058,0.0023617553069732546
api_open,0.0026164467839795906,0.0016451833843086332
api_fopen,0.003442413222409098,0.002995356614547207
api_assert,0.0026146923051226447,0.012207880641982902
op_*,0.02197036231854267,0.055479432862280305
op_&,0.016729340180698573,0.022091135632562403
op_->,0.052264997907594805,0.07639408448557401
op_[,0.0117888414001773,0.013077826709454288
op_(,0.15825106479256176,0.16912805795620622
op_+,0.07180252955326276,0.020665767515871722
op_-,0.04991247120847461,0.01233458412128534
op_<,0.027098977244087153,0.03681856791672513
op_>,0.038206792314017475,0.05226189169536303
op_=,0.022464338245952713,0.034118554799417465
op_==,0.021744569482944693,0.015498861903263099
op_!=,0.010033126636677575,0.0076328104307495925
op_&&,0.022491126244572893,0.011877860545810623
op_||,0.005615444348881133,0.0058760530580244386
op_?,0.011072494666725323,0.005847983942863917
op_++,0.009609148777585804,0.008626546147785527
op_--,0.006495704501853013,0.002822954884060555
op_<<,0.006575291503039466,0.03867828960534
op_>>,0.0023602456046146834,0.002183622142495766
cyclomatic,0.041817376620084244,0.05121335417701229
ptr_casts,0.006854885493816636,0.012330313740117574
string_lits,0.014113308538643843,0.046445015006849444
num_lits,0.018936101630625604,0.058422097885802216
uniq_idents,0.047413669410300695,0.11928317454457794
