kind,ds,rho
within-dataset (seed pairs),DiverseVul,0.9692520543350663
within-dataset (seed pairs),DiverseVul,0.9741586046905496
within-dataset (seed pairs),DiverseVul,0.9762044517912216
within-dataset (seed pairs),BigVul,0.9719151077929703
within-dataset (seed pairs),BigVul,0.9654518843446815
within-dataset (seed pairs),BigVul,0.968840435430422
cross-dataset (DV vs BV),DV-BV,0.8909296962721948
cross-dataset (DV vs BV),DV-BV,0.8923051313676352
cross-dataset (DV vs BV),DV-BV,0.9126373197707099
cross-dataset (DV vs BV),DV-BV,0.9000545339785315
cross-dataset (DV vs BV),DV-BV,0.8937476608579754
cross-dataset (DV vs BV),DV-BV,0.9052243218410817
cross-dataset (DV vs BV),DV-BV,0.8933672444877278
cross-dataset (DV vs BV),DV-BV,0.8916899689972603
cross-dataset (DV vs BV),DV-BV,0.9040383793714666
