miss,sar,worst_win,frac_win_over,n_pos,n,scenario,seed,alpha,method,gamma,bound
0.14903846153846154,0.40367198921566766,0.23666666666666666,0.9462041226747109,2288,52669,BV-T,0,0.05,static,,
0.062062937062937064,0.2000227838007177,0.09666666666666666,0.0,2288,52669,BV-T,0,0.05,sw,,
0.05026223776223776,0.16372059465719874,0.08,0.0,2288,52669,BV-T,0,0.05,aci_sw,0.02,
0.052884615384615384,0.17256830393590158,0.08333333333333333,0.0,2288,52669,BV-T,0,0.05,aci,0.005,0.13723776223776224
0.051573426573426576,0.14120260494788206,0.07666666666666666,0.0,2288,52669,BV-T,0,0.05,aci,0.01,0.09353146853146854
0.05113636363636364,0.13174732765004082,0.07333333333333333,0.0,2288,52669,BV-T,0,0.05,aci,0.02,0.0716783216783217
0.053758741258741256,0.1213047523210997,0.08666666666666667,0.0,2288,52669,BV-T,0,0.05,aci,0.05,0.05856643356643357
0.24213286713286714,0.5565702785319637,0.35,0.9994972347913524,2288,52669,BV-T,0,0.1,static,,
0.10664335664335664,0.3104862442803167,0.14666666666666667,0.0,2288,52669,BV-T,0,0.1,sw,,
0.09877622377622378,0.288727714594923,0.13666666666666666,0.0,2288,52669,BV-T,0,0.1,aci_sw,0.02,
0.1048951048951049,0.3117583398203877,0.14,0.0,2288,52669,BV-T,0,0.1,aci,0.005,0.13723776223776224
0.10183566433566434,0.3027207655357041,0.13333333333333333,0.0,2288,52669,BV-T,0,0.1,aci,0.01,0.09353146853146854
0.10227272727272728,0.25033701038561584,0.15,0.0,2288,52669,BV-T,0,0.1,aci,0.02,0.0716783216783217
0.10270979020979021,0.22510395109077447,0.14,0.0,2288,52669,BV-T,0,0.1,aci,0.05,0.05856643356643357
0.09222027972027973,0.26146309973608767,0.17333333333333334,0.22926093514328807,2288,52669,BV-T,1,0.05,static,,
0.06118881118881119,0.18004898517154302,0.1,0.0,2288,52669,BV-T,1,0.05,sw,,
0.048513986013986016,0.1270196890011202,0.07333333333333333,0.0,2288,52669,BV-T,1,0.05,aci_sw,0.02,
0.05113636363636364,0.156676602935313,0.07666666666666666,0.0,2288,52669,BV-T,1,0.05,aci,0.005,0.13723776223776224
0.05026223776223776,0.14915794869847537,0.07,0.0,2288,52669,BV-T,1,0.05,aci,0.01,0.09353146853146854
0.050699300699300696,0.1358294252786269,0.07,0.0,2288,52669,BV-T,1,0.05,aci,0.02,0.0716783216783217
0.05244755244755245,0.1124190700412007,0.08666666666666667,0.0,2288,52669,BV-T,1,0.05,aci,0.05,0.05856643356643357
0.20148601398601398,0.4721183238717272,0.30666666666666664,0.8989441930618401,2288,52669,BV-T,1,0.1,static,,
0.10839160839160839,0.2878163625662154,0.17,0.05429864253393665,2288,52669,BV-T,1,0.1,sw,,
0.09877622377622378,0.26245039776718754,0.14333333333333334,0.0,2288,52669,BV-T,1,0.1,aci_sw,0.02,
0.10358391608391608,0.28155081736885074,0.14333333333333334,0.0,2288,52669,BV-T,1,0.1,aci,0.005,0.13723776223776224
0.10183566433566434,0.2763864892061744,0.14333333333333334,0.0,2288,52669,BV-T,1,0.1,aci,0.01,0.09353146853146854
0.10096153846153846,0.27108925553931157,0.13333333333333333,0.0,2288,52669,BV-T,1,0.1,aci,0.02,0.0716783216783217
0.10052447552447552,0.19115608802141676,0.19666666666666666,0.06787330316742081,2288,52669,BV-T,1,0.1,aci,0.05,0.05856643356643357
0.10227272727272728,0.3088913782300784,0.19,0.30568124685771747,2288,52669,BV-T,2,0.05,static,,
0.06031468531468531,0.18823216692931327,0.08333333333333333,0.0,2288,52669,BV-T,2,0.05,sw,,
0.050699300699300696,0.13803185934800358,0.09,0.0,2288,52669,BV-T,2,0.05,aci_sw,0.02,
0.05244755244755245,0.16516356870265242,0.08,0.0,2288,52669,BV-T,2,0.05,aci,0.005,0.13723776223776224
0.05113636363636364,0.17446695399570905,0.07666666666666666,0.0,2288,52669,BV-T,2,0.05,aci,0.01,0.09353146853146854
0.05113636363636364,0.1536577493402191,0.07666666666666666,0.0,2288,52669,BV-T,2,0.05,aci,0.02,0.0716783216783217
0.050699300699300696,0.11862765573677116,0.08666666666666667,0.0,2288,52669,BV-T,2,0.05,aci,0.05,0.05856643356643357
0.20716783216783216,0.48766826786155043,0.32666666666666666,0.9074912016088487,2288,52669,BV-T,2,0.1,static,,
0.10751748251748251,0.3090812432360592,0.16,0.03117144293614882,2288,52669,BV-T,2,0.1,sw,,
0.09921328671328672,0.26850709145797336,0.14333333333333334,0.0,2288,52669,BV-T,2,0.1,aci_sw,0.02,
0.1048951048951049,0.31181529932218194,0.13666666666666666,0.0,2288,52669,BV-T,2,0.1,aci,0.005,0.13723776223776224
0.10183566433566434,0.2976893428772143,0.13666666666666666,0.0,2288,52669,BV-T,2,0.1,aci,0.01,0.09353146853146854
0.10096153846153846,0.24845734682640644,0.14,0.0,2288,52669,BV-T,2,0.1,aci,0.02,0.0716783216783217
0.10008741258741259,0.19421291461770682,0.18666666666666668,0.10256410256410256,2288,52669,BV-T,2,0.1,aci,0.05,0.05856643356643357
0.11158798283261803,0.21491002570694087,0.13,0.3825,699,11670,BV-P,0,0.05,static,,
0.08583690987124463,0.14215938303341902,0.10666666666666667,0.13,699,11670,BV-P,0,0.05,sw,,
0.07296137339055794,0.09554413024850043,0.10333333333333333,0.335,699,11670,BV-P,0,0.05,aci_sw,0.02,
0.06580829756795423,0.07952013710368466,0.08666666666666667,0.0,699,11670,BV-P,0,0.05,aci,0.005,0.4406294706723891
0.06723891273247497,0.08191945158526136,0.09,0.0,699,11670,BV-P,0,0.05,aci,0.01,0.29756795422031473
0.06294706723891273,0.07660668380462725,0.08,0.0,699,11670,BV-P,0,0.05,aci,0.02,0.22603719599427755
0.06723891273247497,0.07840616966580977,0.09,0.0,699,11670,BV-P,0,0.05,aci,0.05,0.18311874105865522
0.1688125894134478,0.3885175664095973,0.18333333333333332,0.47,699,11670,BV-P,0,0.1,static,,
0.1402002861230329,0.27129391602399316,0.16,0.165,699,11670,BV-P,0,0.1,sw,,
0.11301859799713877,0.16940874035989717,0.15666666666666668,0.3075,699,11670,BV-P,0,0.1,aci_sw,0.02,
0.12017167381974249,0.1911739502999143,0.14,0.0,699,11670,BV-P,0,0.1,aci,0.005,0.4406294706723891
0.11301859799713877,0.17317909168808912,0.15666666666666668,0.1025,699,11670,BV-P,0,0.1,aci,0.01,0.29756795422031473
0.11158798283261803,0.1779777206512425,0.15333333333333332,0.285,699,11670,BV-P,0,0.1,aci,0.02,0.22603719599427755
0.10872675250357654,0.1389031705227078,0.12,0.0,699,11670,BV-P,0,0.1,aci,0.05,0.18311874105865522
0.15079365079365079,0.3468939097122459,0.21333333333333335,0.9021479713603818,2394,45942,BV-P,1,0.05,static,,
0.05806182121971595,0.16403291106177353,0.10333333333333333,0.03054892601431981,2394,45942,BV-P,1,0.05,sw,,
0.05179615705931495,0.13223194462583257,0.09333333333333334,0.0,2394,45942,BV-P,1,0.05,aci_sw,0.02,
0.05263157894736842,0.14320229855034608,0.09333333333333334,0.0,2394,45942,BV-P,1,0.05,aci,0.005,0.14369256474519632
0.05388471177944862,0.13989377911279438,0.07666666666666666,0.0,2394,45942,BV-P,1,0.05,aci,0.01,0.10192147034252297
0.05054302422723475,0.1437246963562753,0.14333333333333334,0.12410501193317422,2394,45942,BV-P,1,0.05,aci,0.02,0.0810359231411863
0.059314954051796154,0.10831047842932393,0.13333333333333333,0.21575178997613365,2394,45942,BV-P,1,0.05,aci,0.05,0.06850459482038429
0.3203842940685046,0.5810151930695224,0.4066666666666667,1.0,2394,45942,BV-P,1,0.1,static,,
0.1073517126148705,0.27058029689608637,0.15333333333333332,0.0019093078758949881,2394,45942,BV-P,1,0.1,sw,,
0.09816207184628237,0.230007400635584,0.14,0.0,2394,45942,BV-P,1,0.1,aci_sw,0.02,
0.10568086883876357,0.2526228723172696,0.13333333333333333,0.0,2394,45942,BV-P,1,0.1,aci,0.005,0.14369256474519632
0.1048454469507101,0.23938879456706283,0.18666666666666668,0.04486873508353222,2394,45942,BV-P,1,0.1,aci,0.01,0.10192147034252297
0.1035923141186299,0.20876322319446258,0.19,0.15560859188544152,2394,45942,BV-P,1,0.1,aci,0.02,0.0810359231411863
0.12489557226399331,0.22040834095163467,0.39,0.20859188544152746,2394,45942,BV-P,1,0.1,aci,0.05,0.06850459482038429
0.1423444976076555,0.29043478260869565,0.18,0.659217877094972,836,10925,BV-P,2,0.05,static,,
0.08732057416267942,0.1668649885583524,0.10666666666666667,0.00558659217877095,836,10925,BV-P,2,0.05,sw,,
0.06220095693779904,0.09647597254004577,0.09333333333333334,0.0,836,10925,BV-P,2,0.05,aci_sw,0.02,
0.07535885167464115,0.13437070938215104,0.10666666666666667,0.00558659217877095,836,10925,BV-P,2,0.05,aci,0.005,0.38995215311004783
0.07535885167464115,0.16851258581235698,0.12,0.0186219739292365,836,10925,BV-P,2,0.05,aci,0.01,0.27033492822966504
0.0645933014354067,0.11908466819221968,0.09333333333333334,0.0,836,10925,BV-P,2,0.05,aci,0.02,0.2105263157894737
0.050239234449760764,0.11167048054919909,0.07333333333333333,0.0,836,10925,BV-P,2,0.05,aci,0.05,0.17464114832535885
0.22966507177033493,0.45903890160183064,0.31,0.6927374301675978,836,10925,BV-P,2,0.1,static,,
0.14473684210526316,0.3071853546910755,0.18666666666666668,0.0446927374301676,836,10925,BV-P,2,0.1,sw,,
0.12799043062200957,0.28155606407322653,0.20333333333333334,0.03165735567970205,836,10925,BV-P,2,0.1,aci_sw,0.02,
0.1303827751196172,0.23560640732265445,0.14,0.0,836,10925,BV-P,2,0.1,aci,0.005,0.38995215311004783
0.12679425837320574,0.26032036613272314,0.16666666666666666,0.0148975791433892,836,10925,BV-P,2,0.1,aci,0.01,0.27033492822966504
0.12799043062200957,0.29839816933638447,0.18333333333333332,0.0223463687150838,836,10925,BV-P,2,0.1,aci,0.02,0.2105263157894737
0.12320574162679426,0.1902974828375286,0.16666666666666666,0.0223463687150838,836,10925,BV-P,2,0.1,aci,0.05,0.17464114832535885
0.17160548429898276,0.4122923115627359,0.25333333333333335,0.8456073881127161,4522,91423,DV-P,0,0.05,static,,
0.055948695267580714,0.1827220721262702,0.08666666666666667,0.0,4522,91423,DV-P,0,0.05,sw,,
0.05042016806722689,0.16681797797053258,0.1,0.0,4522,91423,DV-P,0,0.05,aci_sw,0.02,
0.051525873507297655,0.17660763702788138,0.09,0.0,4522,91423,DV-P,0,0.05,aci,0.005,0.06988058381247236
0.0508624502432552,0.17037288209750281,0.08333333333333333,0.0,4522,91423,DV-P,0,0.05,aci,0.01,0.04776647501105706
0.04997788589119859,0.1516139264736445,0.08333333333333333,0.0,4522,91423,DV-P,0,0.05,aci,0.02,0.0367094206103494
0.05218929677134011,0.0992419850584645,0.14333333333333334,0.12289841345015391,4522,91423,DV-P,0,0.05,aci,0.05,0.030075187969924814
0.27908005307386113,0.5650328691904662,0.38333333333333336,0.985792090930618,4522,91423,DV-P,0,0.1,static,,
0.10305174701459531,0.2917099635759054,0.13666666666666666,0.0,4522,91423,DV-P,0,0.1,sw,,
0.10017691287041132,0.2740229482734104,0.17333333333333334,0.014444707553871654,4522,91423,DV-P,0,0.1,aci_sw,0.02,
0.10283060592658116,0.28103431302845017,0.17,0.011603125739995264,4522,91423,DV-P,0,0.1,aci,0.005,0.06988058381247236
0.10128261831048209,0.2691007733283747,0.14666666666666667,0.0,4522,91423,DV-P,0,0.1,aci,0.01,0.04776647501105706
0.10061919504643962,0.24348358728109995,0.15,0.0,4522,91423,DV-P,0,0.1,aci,0.02,0.0367094206103494
0.10039805395842548,0.16620544064403925,0.18666666666666668,0.09258820743547241,4522,91423,DV-P,0,0.1,aci,0.05,0.030075187969924814
0.11884797666788188,0.39902208257577093,0.18666666666666668,0.5711947626841244,2743,56651,DV-P,1,0.05,static,,
0.06306963179001093,0.26384353321212334,0.11,0.05646481178396072,2743,56651,DV-P,1,0.05,sw,,
0.04994531534815895,0.15696104217048243,0.10333333333333333,0.0004091653027823241,2743,56651,DV-P,1,0.05,aci_sw,0.02,
0.051768137076193946,0.22853965508111065,0.10333333333333333,0.0004091653027823241,2743,56651,DV-P,1,0.05,aci,0.005,0.12395187750637988
0.05103900838497995,0.21957247003583344,0.10333333333333333,0.0004091653027823241,2743,56651,DV-P,1,0.05,aci,0.01,0.08749544294567993
0.04994531534815895,0.18103828705583308,0.10333333333333333,0.0004091653027823241,2743,56651,DV-P,1,0.05,aci,0.02,0.06926722566532993
0.04958075100255195,0.11173677428465517,0.10333333333333333,0.0004091653027823241,2743,56651,DV-P,1,0.05,aci,0.05,0.05833029529711994
0.22311337951148377,0.5664860284902297,0.30333333333333334,0.863747954173486,2743,56651,DV-P,1,0.1,static,,
0.12322274881516587,0.375597959435844,0.19666666666666666,0.08265139116202946,2743,56651,DV-P,1,0.1,sw,,
0.0991615020051039,0.29196307214347494,0.17333333333333334,0.03436988543371522,2743,56651,DV-P,1,0.1,aci_sw,0.02,
0.10353627415238789,0.3404529487564209,0.17333333333333334,0.010638297872340425,2743,56651,DV-P,1,0.1,aci,0.005,0.12395187750637988
0.1017134524243529,0.33867010291080474,0.17333333333333334,0.006955810147299509,2743,56651,DV-P,1,0.1,aci,0.01,0.08749544294567993
0.1009843237331389,0.26239607420875183,0.17333333333333334,0.006955810147299509,2743,56651,DV-P,1,0.1,aci,0.02,0.06926722566532993
0.10426540284360189,0.19697798803198532,0.19666666666666666,0.07283142389525368,2743,56651,DV-P,1,0.1,aci,0.05,0.05833029529711994
0.12216624685138538,0.4207827995578128,0.22333333333333333,0.667709419534237,3176,62417,DV-P,2,0.05,static,,
0.05289672544080604,0.23884518640754923,0.14,0.041014946124435174,3176,62417,DV-P,2,0.05,sw,,
0.04974811083123426,0.09753752983962702,0.17333333333333334,0.16857838025721236,3176,62417,DV-P,2,0.05,aci_sw,0.02,
0.05163727959697733,0.1780925068490956,0.14333333333333334,0.0789016336461592,3176,62417,DV-P,2,0.05,aci,0.005,0.10044080604534004
0.05069269521410579,0.13879231619590818,0.13666666666666666,0.14042405283281195,3176,62417,DV-P,2,0.05,aci,0.01,0.06895465994962216
0.04974811083123426,0.08592210455484883,0.19666666666666666,0.12547792839763644,3176,62417,DV-P,2,0.05,aci,0.02,0.05321158690176322
0.050062972292191435,0.13427431629203582,0.12333333333333334,0.08793882516510254,3176,62417,DV-P,2,0.05,aci,0.05,0.043765743073047855
0.20717884130982367,0.5605203710527581,0.32666666666666666,0.8477580813347236,3176,62417,DV-P,2,0.1,static,,
0.10925692695214106,0.3646762901132704,0.19666666666666666,0.0862009037191519,3176,62417,DV-P,2,0.1,sw,,
0.10012594458438287,0.24752871813768684,0.23,0.10497045533541884,3176,62417,DV-P,2,0.1,aci_sw,0.02,
0.10390428211586902,0.326930163256805,0.19,0.10948905109489052,3176,62417,DV-P,2,0.1,aci,0.005,0.10044080604534004
0.10107052896725441,0.273787589919413,0.24,0.12443517553006604,3176,62417,DV-P,2,0.1,aci,0.01,0.06895465994962216
0.10012594458438287,0.22540333562971626,0.21666666666666667,0.1797010775112965,3176,62417,DV-P,2,0.1,aci,0.02,0.05321158690176322
0.10232997481108312,0.1519137414486438,0.18666666666666668,0.1032325338894682,3176,62417,DV-P,2,0.1,aci,0.05,0.043765743073047855
0.22122641509433963,0.4844404238821401,0.28,1.0,4240,77380,DV2BV,0,0.05,static,,
0.05188679245283019,0.15688808477642802,0.09,0.0,4240,77380,DV2BV,0,0.05,sw,,
0.04976415094339623,0.1364435254587749,0.07333333333333333,0.0,4240,77380,DV2BV,0,0.05,aci_sw,0.02,
0.05188679245283019,0.13888601705867148,0.08,0.0,4240,77380,DV2BV,0,0.05,aci,0.005,0.06556603773584907
0.05165094339622642,0.13918325148617214,0.07666666666666666,0.0,4240,77380,DV2BV,0,0.05,aci,0.01,0.0419811320754717
0.05165094339622642,0.12627293874386147,0.11666666666666667,0.022075615326059377,4240,77380,DV2BV,0,0.05,aci,0.02,0.03018867924528302
0.05165094339622642,0.10458774877229259,0.10666666666666667,0.004313625983252981,4240,77380,DV2BV,0,0.05,aci,0.05,0.023113207547169813
0.36698113207547167,0.6605582837942621,0.4533333333333333,1.0,4240,77380,DV2BV,0,0.1,static,,
0.10518867924528302,0.268247609201344,0.15666666666666668,0.0007612281146917026,4240,77380,DV2BV,0,0.1,sw,,
0.1,0.24797105195140864,0.13333333333333333,0.0,4240,77380,DV2BV,0,0.1,aci_sw,0.02,
0.10400943396226416,0.2524941845438098,0.15333333333333332,0.0005074854097944684,4240,77380,DV2BV,0,0.1,aci,0.005,0.06556603773584907
0.10141509433962265,0.24861721375032309,0.13666666666666666,0.0,4240,77380,DV2BV,0,0.1,aci,0.01,0.0419811320754717
0.10259433962264151,0.21941070043939,0.16,0.0053285968028419185,4240,77380,DV2BV,0,0.1,aci,0.02,0.03018867924528302
0.10117924528301887,0.15836133367795296,0.19666666666666666,0.07155544278102005,4240,77380,DV2BV,0,0.1,aci,0.05,0.023113207547169813
0.22468126052441664,0.4845791141686635,0.29333333333333333,1.0,4157,77622,DV2BV,1,0.05,static,,
0.05292278085157565,0.16394836515420885,0.10333333333333333,0.0002592016588906169,4157,77622,DV2BV,1,0.05,sw,,
0.049554967524657205,0.15279173430213083,0.07333333333333333,0.0,4157,77622,DV2BV,1,0.05,aci_sw,0.02,
0.05171999037767621,0.15513643039344516,0.07333333333333333,0.0,4157,77622,DV2BV,1,0.05,aci,0.005,0.06543180178012989
0.051479432282896316,0.13411146324495632,0.08333333333333333,0.0,4157,77622,DV2BV,1,0.05,aci,0.01,0.041375992302140965
0.05027664180899687,0.1108706294607199,0.09,0.0,4157,77622,DV2BV,1,0.05,aci,0.02,0.0293480875631465
0.050757757998556655,0.10520213341578419,0.09333333333333334,0.0,4157,77622,DV2BV,1,0.05,aci,0.05,0.022131344719749816
0.3721433726244888,0.6664090077555332,0.45,1.0,4157,77622,DV2BV,1,0.1,static,,
0.10752946836661054,0.2794310891242174,0.17666666666666667,0.0059616381544841885,4157,77622,DV2BV,1,0.1,sw,,
0.10031272552321385,0.2570405297467213,0.13,0.0,4157,77622,DV2BV,1,0.1,aci_sw,0.02,
0.10416165503969209,0.26582669861637165,0.15,0.0,4157,77622,DV2BV,1,0.1,aci,0.005,0.06543180178012989
0.10271830647101275,0.24303676792661874,0.13,0.0,4157,77622,DV2BV,1,0.1,aci,0.01,0.041375992302140965
0.10127495790233342,0.18874803535080262,0.15666666666666668,0.01088646967340591,4157,77622,DV2BV,1,0.1,aci,0.02,0.0293480875631465
0.10343998075535242,0.16912730926799102,0.18666666666666668,0.011145671332296526,4157,77622,DV2BV,1,0.1,aci,0.05,0.022131344719749816
0.22628951747088186,0.4885981695020425,0.27666666666666667,1.0,4207,77356,DV2BV,2,0.05,static,,
0.05300689327311624,0.16764051915817776,0.09333333333333334,0.0,4207,77356,DV2BV,2,0.05,sw,,
0.05110530068932731,0.1502404467656032,0.07666666666666666,0.0,4207,77356,DV2BV,2,0.05,aci_sw,0.02,
0.05300689327311624,0.1489477222193495,0.07333333333333333,0.0,4207,77356,DV2BV,2,0.05,aci,0.005,0.06394105062990255
0.051580698835274545,0.1251874450592068,0.08333333333333333,0.0,4207,77356,DV2BV,2,0.05,aci,0.01,0.040171143332541
0.050867601616353696,0.1162805729355189,0.09,0.0,4207,77356,DV2BV,2,0.05,aci,0.02,0.028286189683860232
0.05229379605419539,0.0848415119706293,0.10333333333333333,0.010747185261003071,4207,77356,DV2BV,2,0.05,aci,0.05,0.021155217494651768
0.37104825291181365,0.6558379440508816,0.45,1.0,4207,77356,DV2BV,2,0.1,static,,
0.10720228191110055,0.27756088732612855,0.18666666666666668,0.008444216990788126,4207,77356,DV2BV,2,0.1,sw,,
0.10102210601378654,0.25646362273126844,0.13,0.0,4207,77356,DV2BV,2,0.1,aci_sw,0.02,
0.10458759210839078,0.26065205026113036,0.15333333333333332,0.0005117707267144319,4207,77356,DV2BV,2,0.1,aci,0.005,0.06394105062990255
0.10197290230568101,0.23425461502663011,0.13,0.0,4207,77356,DV2BV,2,0.1,aci,0.01,0.040171143332541
0.10197290230568101,0.20964113966595999,0.15,0.0,4207,77356,DV2BV,2,0.1,aci,0.02,0.028286189683860232
0.10078440694081293,0.16930813382284504,0.17,0.056550665301944726,4207,77356,DV2BV,2,0.1,aci,0.05,0.021155217494651768
0.10163290800392612,0.3134217549210426,0.14333333333333334,0.5269526952695269,11207,199348,BV2DV,0,0.05,static,,
0.048630320335504594,0.17687661777394306,0.07666666666666666,0.0,11207,199348,BV2DV,0,0.05,sw,,
0.04996876951905059,0.16275558320123604,0.07,0.0,11207,199348,BV2DV,0,0.05,aci_sw,0.02,
0.05041491924689926,0.17828119670124606,0.07333333333333333,0.0,11207,199348,BV2DV,0,0.05,aci,0.005,0.0244490050861069
0.050236459355759794,0.16961795453177358,0.07,0.0,11207,199348,BV2DV,0,0.05,aci,0.01,0.015526010529133575
0.05005799946462033,0.15491000662158638,0.08,0.0,11207,199348,BV2DV,0,0.05,aci,0.02,0.011064513250646916
0.05005799946462033,0.13315408230832515,0.09,0.0,11207,199348,BV2DV,0,0.05,aci,0.05,0.008387614883554922
0.18283215847238332,0.4644491040792985,0.24,0.9185918591859186,11207,199348,BV2DV,0,0.1,static,,
0.09913446952797358,0.308089371350603,0.14333333333333334,0.0,11207,199348,BV2DV,0,0.1,sw,,
0.09993753903810118,0.28670465718241467,0.13,0.0,11207,199348,BV2DV,0,0.1,aci_sw,0.02,
0.10056214865708932,0.31009089632200976,0.13333333333333333,0.0,11207,199348,BV2DV,0,0.1,aci,0.005,0.0244490050861069
0.10029445882038011,0.2985833818247487,0.13,0.0,11207,199348,BV2DV,0,0.1,aci,0.01,0.015526010529133575
0.10020522887481038,0.2757690069626984,0.14666666666666667,0.0,11207,199348,BV2DV,0,0.1,aci,0.02,0.011064513250646916
0.10091906843936825,0.22503360956718904,0.18,0.015034836817015035,11207,199348,BV2DV,0,0.1,aci,0.05,0.008387614883554922
0.13505053215275914,0.37352600982409756,0.19666666666666666,0.9790479691233229,11181,199713,BV2DV,1,0.05,static,,
0.050979339951703784,0.17648826065403855,0.08666666666666667,0.0,11181,199713,BV2DV,1,0.05,sw,,
0.04999552812807441,0.16149674783314055,0.07333333333333333,0.0,11181,199713,BV2DV,1,0.05,aci_sw,0.02,
0.05062159019765674,0.17261770640869648,0.07666666666666666,0.0,11181,199713,BV2DV,1,0.05,aci,0.005,0.02450585815222252
0.050353277882121454,0.160580432921242,0.07666666666666666,0.0,11181,199713,BV2DV,1,0.05,aci,0.01,0.015562114301046417
0.050263840443609695,0.1494694887163079,0.08333333333333333,0.0,11181,199713,BV2DV,1,0.05,aci,0.02,0.011090242375458366
0.05044271532063322,0.1250594603255672,0.11333333333333333,0.0056055872082337805,11181,199713,BV2DV,1,0.05,aci,0.05,0.008407119220105536
0.2200160987389321,0.5033172602684852,0.29,1.0,11181,199713,BV2DV,1,0.1,static,,
0.09990161881763707,0.29869362535238064,0.14333333333333334,0.0,11181,199713,BV2DV,1,0.1,sw,,
0.09990161881763707,0.2815590372184084,0.13333333333333333,0.0,11181,199713,BV2DV,1,0.1,aci_sw,0.02,
0.10124318039531348,0.2954139189737273,0.14666666666666667,0.0,11181,199713,BV2DV,1,0.1,aci,0.005,0.02450585815222252
0.10061711832573116,0.28064772949182076,0.13,0.0,11181,199713,BV2DV,1,0.1,aci,0.01,0.015562114301046417
0.10052768088721939,0.2527376785687461,0.14,0.0,11181,199713,BV2DV,1,0.1,aci,0.02,0.011090242375458366
0.09999105625614882,0.18307270933789987,0.20666666666666667,0.029406359125160816,11181,199713,BV2DV,1,0.1,aci,0.05,0.008407119220105536
0.09928175288662605,0.30075286152671676,0.16,0.4292523364485981,10999,199107,BV2DV,2,0.05,static,,
0.05064096736066915,0.1766336693335744,0.09666666666666666,0.0,10999,199107,BV2DV,2,0.05,sw,,
0.050004545867806165,0.16614182324077004,0.08666666666666667,0.0,10999,199107,BV2DV,2,0.05,aci_sw,0.02,
0.05045913264842258,0.1806817439869015,0.08666666666666667,0.0,10999,199107,BV2DV,2,0.05,aci,0.005,0.02563869442676607
0.0503682152922993,0.17527259212383292,0.08,0.0,10999,199107,BV2DV,2,0.05,aci,0.01,0.016546958814437674
0.0503682152922993,0.15838217641770505,0.07666666666666666,0.0,10999,199107,BV2DV,2,0.05,aci,0.02,0.01200109100827348
0.04991362851168288,0.12194448211263291,0.12666666666666668,0.02411214953271028,10999,199107,BV2DV,2,0.05,aci,0.05,0.00927357032457496
0.20565505955086827,0.4869642955797636,0.28,0.9991588785046729,10999,199107,BV2DV,2,0.1,static,,
0.10091826529684517,0.29832703018979745,0.19333333333333333,0.008130841121495327,10999,199107,BV2DV,2,0.1,sw,,
0.10046367851622875,0.2873881882605835,0.13,0.0,10999,199107,BV2DV,2,0.1,aci_sw,0.02,
0.10100918265296845,0.296051871606724,0.16,0.001588785046728972,10999,199107,BV2DV,2,0.1,aci,0.005,0.02563869442676607
0.1007364305845986,0.2934100759892922,0.13,0.0,10999,199107,BV2DV,2,0.1,aci,0.01,0.016546958814437674
0.10064551322847531,0.2605232362498556,0.13333333333333333,0.0,10999,199107,BV2DV,2,0.1,aci,0.02,0.01200109100827348
0.10091826529684517,0.19129915070791081,0.18666666666666668,0.03214953271028037,10999,199107,BV2DV,2,0.1,aci,0.05,0.00927357032457496
0.05764125900644672,0.4192737832883653,0.09333333333333334,0.0,2637,48553,DV-R,0,0.05,static,,
0.04778156996587031,0.3749098922826602,0.07,0.0,2637,48553,DV-R,0,0.05,sw,,
0.049677664012135005,0.32420241797623217,0.08666666666666667,0.0,2637,48553,DV-R,0,0.05,aci_sw,0.02,
0.05005688282138794,0.3889975902621877,0.06333333333333334,0.0,2637,48553,DV-R,0,0.05,aci,0.005,0.10314751611679938
0.049677664012135005,0.37921446666529357,0.06666666666666667,0.0,2637,48553,DV-R,0,0.05,aci,0.01,0.0652256351915055
0.05005688282138794,0.3588449735340762,0.07,0.0,2637,48553,DV-R,0,0.05,aci,0.02,0.04626469472885855
0.05081532043989382,0.2588923444483348,0.08333333333333333,0.0,2637,48553,DV-R,0,0.05,aci,0.05,0.03488813045127038
0.10390595373530527,0.5589150001029802,0.14,0.0,2637,48553,DV-R,0,0.1,static,,
0.1012514220705347,0.5417584907214796,0.13,0.0,2637,48553,DV-R,0,0.1,sw,,
0.10087220326128175,0.4890737956459951,0.13333333333333333,0.0,2637,48553,DV-R,0,0.1,aci_sw,0.02,
0.10087220326128175,0.5553724795584207,0.12666666666666668,0.0,2637,48553,DV-R,0,0.1,aci,0.005,0.10314751611679938
0.10011376564277588,0.5464543900479888,0.12333333333333334,0.0,2637,48553,DV-R,0,0.1,aci,0.01,0.0652256351915055
0.10049298445202882,0.5174757481515045,0.12666666666666668,0.0,2637,48553,DV-R,0,0.1,aci,0.02,0.04626469472885855
0.10276829730754646,0.37015220480711797,0.13666666666666666,0.0,2637,48553,DV-R,0,0.1,aci,0.05,0.03488813045127038
0.04931714719271624,0.3967650443932917,0.07666666666666666,0.0,2636,48656,DV-R,1,0.05,static,,
0.04931714719271624,0.3953058204537981,0.08,0.0,2636,48656,DV-R,1,0.05,sw,,
0.04969650986342944,0.338252219664584,0.06666666666666667,0.0,2636,48656,DV-R,1,0.05,aci_sw,0.02,
0.05083459787556904,0.39729940808944425,0.08333333333333333,0.0,2636,48656,DV-R,1,0.05,aci,0.005,0.10128983308042488
0.05045523520485584,0.3781034199276554,0.07666666666666666,0.0,2636,48656,DV-R,1,0.05,aci,0.01,0.0633535660091047
0.05007587253414264,0.3640660966787241,0.06666666666666667,0.0,2636,48656,DV-R,1,0.05,aci,0.02,0.04438543247344461
0.05007587253414264,0.3013605721802039,0.07,0.0,2636,48656,DV-R,1,0.05,aci,0.05,0.03300455235204855
0.09408194233687406,0.5419064452482736,0.13333333333333333,0.0,2636,48656,DV-R,1,0.1,static,,
0.09901365705614568,0.5382275567247616,0.14,0.0,2636,48656,DV-R,1,0.1,sw,,
0.10015174506828528,0.5204907925024663,0.12333333333333334,0.0,2636,48656,DV-R,1,0.1,aci_sw,0.02,
0.09977238239757208,0.5447837882275567,0.14,0.0,2636,48656,DV-R,1,0.1,aci,0.005,0.10128983308042488
0.09977238239757208,0.5364394935876357,0.14333333333333334,0.0,2636,48656,DV-R,1,0.1,aci,0.01,0.0633535660091047
0.09977238239757208,0.5219500164419599,0.13333333333333333,0.0,2636,48656,DV-R,1,0.1,aci,0.02,0.04438543247344461
0.09939301972685888,0.40334182834593885,0.13666666666666666,0.0,2636,48656,DV-R,1,0.1,aci,0.05,0.03300455235204855
0.056625141562853906,0.421340265269363,0.09666666666666666,0.0,2649,48856,DV-R,2,0.05,static,,
0.04794261985654964,0.37553217619125595,0.07333333333333333,0.0,2649,48856,DV-R,2,0.05,sw,,
0.04869762174405436,0.3240953004748649,0.07333333333333333,0.0,2649,48856,DV-R,2,0.05,aci_sw,0.02,
0.04907512268780672,0.3834943507450467,0.07666666666666666,0.0,2649,48856,DV-R,2,0.05,aci,0.005,0.10154775386938467
0.04907512268780672,0.36773374815785165,0.07,0.0,2649,48856,DV-R,2,0.05,aci,0.01,0.06379765949414873
0.04907512268780672,0.33289667594563616,0.06666666666666667,0.0,2649,48856,DV-R,2,0.05,aci,0.02,0.04492261230653076
0.05096262740656852,0.2787375143278205,0.07,0.0,2649,48856,DV-R,2,0.05,aci,0.05,0.033597583993959984
0.10570026425066063,0.550761421319797,0.15,0.0,2649,48856,DV-R,2,0.1,static,,
0.09437523593808984,0.5312346487637137,0.13,0.0,2649,48856,DV-R,2,0.1,sw,,
0.09928274820687051,0.4820902243327329,0.13666666666666666,0.0,2649,48856,DV-R,2,0.1,aci_sw,0.02,
0.0985277463193658,0.5361265760602587,0.13666666666666666,0.0,2649,48856,DV-R,2,0.1,aci,0.005,0.10154775386938467
0.09890524726311815,0.5345914524316359,0.12666666666666668,0.0,2649,48856,DV-R,2,0.1,aci,0.01,0.06379765949414873
0.09928274820687051,0.5156991976420501,0.13,0.0,2649,48856,DV-R,2,0.1,aci,0.02,0.04492261230653076
0.10192525481313704,0.35833879155067955,0.13333333333333333,0.0,2649,48856,DV-R,2,0.1,aci,0.05,0.033597583993959984
0.04226475279106858,0.3469530510636547,0.08333333333333333,0.0,1254,24303,BV-R,0,0.05,static,,
0.0430622009569378,0.3506562975764309,0.07666666666666666,0.0,1254,24303,BV-R,0,0.05,sw,,
0.04784688995215311,0.311525326091429,0.07,0.0,1254,24303,BV-R,0,0.05,aci_sw,0.02,
0.04704944178628389,0.36781467308562726,0.08,0.0,1254,24303,BV-R,0,0.05,aci,0.005,0.21212121212121213
0.04704944178628389,0.3677323787186767,0.07,0.0,1254,24303,BV-R,0,0.05,aci,0.01,0.1323763955342903
0.04704944178628389,0.34345554046825494,0.06666666666666667,0.0,1254,24303,BV-R,0,0.05,aci,0.02,0.09250398724082935
0.050239234449760764,0.2899642019503765,0.07666666666666666,0.0,1254,24303,BV-R,0,0.05,aci,0.05,0.0685805422647528
0.08931419457735247,0.5080442743694195,0.13333333333333333,0.0,1254,24303,BV-R,0,0.1,static,,
0.09409888357256778,0.5244208533925853,0.13666666666666666,0.0,1254,24303,BV-R,0,0.1,sw,,
0.09808612440191387,0.48327366991729415,0.13333333333333333,0.0,1254,24303,BV-R,0,0.1,aci_sw,0.02,
0.09569377990430622,0.5303460478130272,0.13333333333333333,0.0,1254,24303,BV-R,0,0.1,aci,0.005,0.21212121212121213
0.09649122807017543,0.5310866971155824,0.13666666666666666,0.0,1254,24303,BV-R,0,0.1,aci,0.01,0.1323763955342903
0.09808612440191387,0.5202649878615809,0.13,0.0,1254,24303,BV-R,0,0.1,aci,0.02,0.09250398724082935
0.09968102073365231,0.39081594864831504,0.13666666666666666,0.0,1254,24303,BV-R,0,0.1,aci,0.05,0.0685805422647528
0.022745735174654752,0.36092566045463853,0.03666666666666667,0.0,1231,24415,BV-R,1,0.05,static,,
0.045491470349309504,0.4500102396067991,0.06666666666666667,0.0,1231,24415,BV-R,1,0.05,sw,,
0.04955320877335499,0.38545975834527957,0.07666666666666666,0.0,1231,24415,BV-R,1,0.05,aci_sw,0.02,
0.045491470349309504,0.44280155642023344,0.06666666666666667,0.0,1231,24415,BV-R,1,0.05,aci,0.005,0.21527213647441104
0.047116165718927704,0.4391152979725578,0.07333333333333333,0.0,1231,24415,BV-R,1,0.05,aci,0.01,0.13403736799350122
0.0479285134037368,0.4120827360229367,0.06666666666666667,0.0,1231,24415,BV-R,1,0.05,aci,0.02,0.09341998375304629
0.05523964256701868,0.31021912758550074,0.08666666666666667,0.0,1231,24415,BV-R,1,0.05,aci,0.05,0.06904955320877335
0.060926076360682375,0.5107106287118575,0.07666666666666666,0.0,1231,24415,BV-R,1,0.1,static,,
0.10154346060113728,0.5967642842514848,0.13333333333333333,0.0,1231,24415,BV-R,1,0.1,sw,,
0.09991876523151909,0.5477780053245955,0.13333333333333333,0.0,1231,24415,BV-R,1,0.1,aci_sw,0.02,
0.09423233143785541,0.5920131066967028,0.12,0.0,1231,24415,BV-R,1,0.1,aci,0.005,0.21527213647441104
0.09991876523151909,0.5794798279746057,0.12333333333333334,0.0,1231,24415,BV-R,1,0.1,aci,0.01,0.13403736799350122
0.0982940698619009,0.5559696907638747,0.12333333333333334,0.0,1231,24415,BV-R,1,0.1,aci,0.02,0.09341998375304629
0.09748172217709179,0.45525291828793774,0.12333333333333334,0.0,1231,24415,BV-R,1,0.1,aci,0.05,0.06904955320877335
0.07292539815590947,0.5118808224237699,0.08666666666666667,0.0,1193,24367,BV-R,2,0.05,static,,
0.04442581726739313,0.3932367546271597,0.05333333333333334,0.0,1193,24367,BV-R,2,0.05,sw,,
0.050293378038558254,0.3426765707719457,0.06333333333333334,0.0,1193,24367,BV-R,2,0.05,aci_sw,0.02,
0.051969823973176864,0.38884556982804613,0.06666666666666667,0.0,1193,24367,BV-R,2,0.05,aci,0.005,0.22212908633696563
0.051969823973176864,0.36988550088234085,0.06666666666666667,0.0,1193,24367,BV-R,2,0.05,aci,0.01,0.1383067896060352
0.05113160100586756,0.362580539253909,0.06666666666666667,0.0,1193,24367,BV-R,2,0.05,aci,0.02,0.09639564124056998
0.05113160100586756,0.2773012681085074,0.06666666666666667,0.0,1193,24367,BV-R,2,0.05,aci,0.05,0.07124895222129085
0.10645431684828165,0.609348709319982,0.12666666666666668,0.0,1193,24367,BV-R,2,0.1,static,,
0.0997485331098072,0.598350227767062,0.11666666666666667,0.0,1193,24367,BV-R,2,0.1,sw,,
0.0997485331098072,0.5516887593876965,0.12,0.0,1193,24367,BV-R,2,0.1,aci_sw,0.02,
0.10142497904442582,0.6014692001477407,0.12,0.0,1193,24367,BV-R,2,0.1,aci,0.005,0.22212908633696563
0.10142497904442582,0.5974473673410761,0.12,0.0,1193,24367,BV-R,2,0.1,aci,0.01,0.1383067896060352
0.10142497904442582,0.5671605039602742,0.11666666666666667,0.0,1193,24367,BV-R,2,0.1,aci,0.02,0.09639564124056998
0.0997485331098072,0.3858497147781836,0.12333333333333334,0.0,1193,24367,BV-R,2,0.1,aci,0.05,0.07124895222129085
