scenario,seed,model,alpha,method,bucket,miss,clear,npos
BV2PV,0,lr,0.05,marginal,0,0.45614035087719296,0.5671302778555649,114
BV2PV,0,lr,0.05,marginal,1,0.16341463414634147,0.3045750537995025,410
BV2PV,0,lr,0.05,marginal,2,0.029013539651837523,0.07651912978244561,2585
BV2PV,0,lr,0.05,mondrian,0,0.19298245614035087,0.2575998008649927,114
BV2PV,0,lr,0.05,mondrian,1,0.1,0.18272267404488415,410
BV2PV,0,lr,0.05,mondrian,2,0.06344294003868473,0.1581020255063766,2585
BV2PV,0,lr,0.1,marginal,0,0.7105263157894737,0.7629359967640561,114
BV2PV,0,lr,0.1,marginal,1,0.33170731707317075,0.5160280595846958,410
BV2PV,0,lr,0.1,marginal,2,0.07272727272727272,0.1847545219638243,2585
BV2PV,0,lr,0.1,mondrian,0,0.3508771929824561,0.46217990603316844,114
BV2PV,0,lr,0.1,mondrian,1,0.2121951219512195,0.36485844442581256,410
BV2PV,0,lr,0.1,mondrian,2,0.13268858800773695,0.2973034925398016,2585
BV2PV,0,svm,0.05,marginal,0,0.40350877192982454,0.5109679828246056,114
BV2PV,0,svm,0.05,marginal,1,0.2,0.3175707777870937,410
BV2PV,0,svm,0.05,marginal,2,0.0367504835589942,0.08483370842710677,2585
BV2PV,0,svm,0.05,mondrian,0,0.16666666666666666,0.24798531379321073,114
BV2PV,0,svm,0.05,mondrian,1,0.09268292682926829,0.1543556636203572,410
BV2PV,0,svm,0.05,mondrian,2,0.06073500967117988,0.14832874885388014,2585
BV2PV,0,svm,0.1,marginal,0,0.6842105263157895,0.713712312144124,114
BV2PV,0,svm,0.1,marginal,1,0.375609756097561,0.5158044772365222,410
BV2PV,0,svm,0.1,marginal,2,0.07852998065764023,0.19050595982328916,2585
BV2PV,0,svm,0.1,mondrian,0,0.37719298245614036,0.48103550203802237,114
BV2PV,0,svm,0.1,mondrian,1,0.23414634146341465,0.3580950783935608,410
BV2PV,0,svm,0.1,mondrian,2,0.12379110251450677,0.2777777777777778,2585
BV2PV,0,lgbm,0.05,marginal,0,0.5087719298245614,0.6572699835091322,114
BV2PV,0,lgbm,0.05,marginal,1,0.15609756097560976,0.26678963695816216,410
BV2PV,0,lgbm,0.05,marginal,2,0.020502901353965184,0.05597232641493707,2585
BV2PV,0,lgbm,0.05,mondrian,0,0.16666666666666666,0.2574442266405302,114
BV2PV,0,lgbm,0.05,mondrian,1,0.15121951219512195,0.2388697912299824,410
BV2PV,0,lgbm,0.05,mondrian,2,0.06305609284332689,0.15974827040093356,2585
BV2PV,0,lgbm,0.1,marginal,0,0.6491228070175439,0.8332244313762096,114
BV2PV,0,lgbm,0.1,marginal,1,0.3024390243902439,0.4633744165898102,410
BV2PV,0,lgbm,0.1,marginal,2,0.04294003868471954,0.11988413770109194,2585
BV2PV,0,lgbm,0.1,mondrian,0,0.38596491228070173,0.4747814182146302,114
BV2PV,0,lgbm,0.1,mondrian,1,0.2121951219512195,0.32609485481121264,410
BV2PV,0,lgbm,0.1,mondrian,2,0.13268858800773695,0.30520130032508125,2585
BV2PV,0,ens,0.05,marginal,0,0.543859649122807,0.7016708671707271,114
BV2PV,0,ens,0.05,marginal,1,0.2097560975609756,0.34146614124814845,410
BV2PV,0,ens,0.05,marginal,2,0.02321083172147002,0.07366424939568225,2585
BV2PV,0,ens,0.05,mondrian,0,0.24561403508771928,0.3351691091819907,114
BV2PV,0,ens,0.05,mondrian,1,0.0975609756097561,0.21483468880131915,410
BV2PV,0,ens,0.05,mondrian,2,0.06112185686653772,0.16985496374093523,2585
BV2PV,0,ens,0.1,marginal,0,0.7280701754385965,0.8620678925915555,114
BV2PV,0,ens,0.1,marginal,1,0.3829268292682927,0.5613593806768956,410
BV2PV,0,ens,0.1,marginal,2,0.06073500967117988,0.16941735433858465,2585
BV2PV,0,ens,0.1,mondrian,0,0.34210526315789475,0.47179439310495036,114
BV2PV,0,ens,0.1,mondrian,1,0.24390243902439024,0.3935049327855566,410
BV2PV,0,ens,0.1,mondrian,2,0.12030947775628627,0.2929690756022339,2585
BV2PV,1,lr,0.05,marginal,0,0.5263157894736842,0.6714747426382571,114
BV2PV,1,lr,0.05,marginal,1,0.27918781725888325,0.4223504871846158,394
BV2PV,1,lr,0.05,marginal,2,0.04482225656877898,0.13502690526842698,2588
BV2PV,1,lr,0.05,mondrian,0,0.30701754385964913,0.4400885803208044,114
BV2PV,1,lr,0.05,mondrian,1,0.21573604060913706,0.35048718461582423,394
BV2PV,1,lr,0.05,mondrian,2,0.06646058732612056,0.18274725733116423,2588
BV2PV,1,lr,0.1,marginal,0,0.6403508771929824,0.7980009576250898,114
BV2PV,1,lr,0.1,marginal,1,0.4213197969543147,0.5761922450495757,394
BV2PV,1,lr,0.1,marginal,2,0.089258114374034,0.23165644683602385,2588
BV2PV,1,lr,0.1,mondrian,0,0.5175438596491229,0.6627364136940388,114
BV2PV,1,lr,0.1,mondrian,1,0.28426395939086296,0.42857959253650313,394
BV2PV,1,lr,0.1,mondrian,2,0.13871715610510046,0.32444833771326076,2588
BV2PV,1,svm,0.05,marginal,0,0.4824561403508772,0.5822061288005745,114
BV2PV,1,svm,0.05,marginal,1,0.29441624365482233,0.38797611223819184,394
BV2PV,1,svm,0.05,marginal,2,0.04134466769706337,0.12121970550202311,2588
BV2PV,1,svm,0.05,mondrian,0,0.2894736842105263,0.39771367009815656,114
BV2PV,1,svm,0.05,mondrian,1,0.18274111675126903,0.29159642255050433,394
BV2PV,1,svm,0.05,mondrian,2,0.06298299845440494,0.16877320318691863,2588
BV2PV,1,svm,0.1,marginal,0,0.631578947368421,0.7511970313622217,114
BV2PV,1,svm,0.1,marginal,1,0.4365482233502538,0.5699917135754493,394
BV2PV,1,svm,0.1,marginal,2,0.09891808346213292,0.23499353439285864,2588
BV2PV,1,svm,0.1,mondrian,0,0.5964912280701754,0.7046325113717979,114
BV2PV,1,svm,0.1,mondrian,1,0.350253807106599,0.4718404434665828,394
BV2PV,1,svm,0.1,mondrian,2,0.1367851622874807,0.3155841988904184,2588
BV2PV,1,lgbm,0.05,marginal,0,0.37719298245614036,0.6680931290399809,114
BV2PV,1,lgbm,0.05,marginal,1,0.19796954314720813,0.28173843472297627,394
BV2PV,1,lgbm,0.05,marginal,2,0.03400309119010819,0.09166562382680515,2588
BV2PV,1,lgbm,0.05,mondrian,0,0.24561403508771928,0.39525975580560213,114
BV2PV,1,lgbm,0.05,mondrian,1,0.18781725888324874,0.26788010400891504,394
BV2PV,1,lgbm,0.05,mondrian,2,0.07341576506955177,0.18985942518666835,2588
BV2PV,1,lgbm,0.1,marginal,0,0.5789473684210527,0.80242997366531,114
BV2PV,1,lgbm,0.1,marginal,1,0.35279187817258884,0.4518387290339172,394
BV2PV,1,lgbm,0.1,marginal,2,0.06414219474497682,0.1658532515746882,2588
BV2PV,1,lgbm,0.1,mondrian,0,0.2982456140350877,0.4854261431649509,114
BV2PV,1,lgbm,0.1,mondrian,1,0.3020304568527919,0.39443380861216676,394
BV2PV,1,lgbm,0.1,mondrian,2,0.13292117465224113,0.3054477954365328,2588
BV2PV,1,ens,0.05,marginal,0,0.5526315789473685,0.7523342111563323,114
BV2PV,1,ens,0.05,marginal,1,0.2715736040609137,0.41092093608023544,394
BV2PV,1,ens,0.05,marginal,2,0.03786707882534776,0.12357652358903767,2588
BV2PV,1,ens,0.05,mondrian,0,0.2894736842105263,0.4607672971031841,114
BV2PV,1,ens,0.05,mondrian,1,0.20050761421319796,0.3324570677486642,394
BV2PV,1,ens,0.05,mondrian,2,0.07341576506955177,0.20168522921620155,2588
BV2PV,1,ens,0.1,marginal,0,0.6578947368421053,0.8685958822121139,114
BV2PV,1,ens,0.1,marginal,1,0.43908629441624364,0.5896219675972226,394
BV2PV,1,ens,0.1,marginal,2,0.08539412673879443,0.22589997080048388,2588
BV2PV,1,ens,0.1,mondrian,0,0.4298245614035088,0.6346361024658846,114
BV2PV,1,ens,0.1,mondrian,1,0.2918781725888325,0.45686773151984456,394
BV2PV,1,ens,0.1,mondrian,2,0.14528593508500773,0.35210445084052894,2588
BV2PV,2,lr,0.05,marginal,0,0.5086206896551724,0.6044732195409064,116
BV2PV,2,lr,0.05,marginal,1,0.23514851485148514,0.3398908632992864,404
BV2PV,2,lr,0.05,marginal,2,0.029581252401075682,0.09198868599475896,2603
BV2PV,2,lr,0.05,mondrian,0,0.27586206896551724,0.3301322759517983,116
BV2PV,2,lr,0.05,mondrian,1,0.08415841584158416,0.14613124387855045,404
BV2PV,2,lr,0.05,mondrian,2,0.09834805993084902,0.24730668441412587,2603
BV2PV,2,lr,0.1,marginal,0,0.7327586206896551,0.8028871472383136,116
BV2PV,2,lr,0.1,marginal,1,0.41089108910891087,0.5654120610046173,404
BV2PV,2,lr,0.1,marginal,2,0.08567038033038801,0.22218293748180193,2603
BV2PV,2,lr,0.1,mondrian,0,0.3879310344827586,0.4603946593971686,116
BV2PV,2,lr,0.1,mondrian,1,0.22277227722772278,0.3199944032461173,404
BV2PV,2,lr,0.1,mondrian,2,0.15597387629658085,0.35416580009151033,2603
BV2PV,2,svm,0.05,marginal,0,0.4396551724137931,0.514853938849478,116
BV2PV,2,svm,0.05,marginal,1,0.22524752475247525,0.31753183153770814,404
BV2PV,2,svm,0.05,marginal,2,0.027660391855551286,0.08674763944927416,2603
BV2PV,2,svm,0.05,mondrian,0,0.1896551724137931,0.2283386512189833,116
BV2PV,2,svm,0.05,mondrian,1,0.10643564356435643,0.15489016370505107,404
BV2PV,2,svm,0.05,mondrian,2,0.09181713407606608,0.23270662618027535,2603
BV2PV,2,svm,0.1,marginal,0,0.6896551724137931,0.7487996034819243,116
BV2PV,2,svm,0.1,marginal,1,0.4158415841584158,0.5534070239261228,404
BV2PV,2,svm,0.1,marginal,2,0.08643872454859777,0.22126783411671727,2603
BV2PV,2,svm,0.1,mondrian,0,0.3620689655172414,0.40525386450233886,116
BV2PV,2,svm,0.1,mondrian,1,0.19554455445544555,0.2825521197705331,404
BV2PV,2,svm,0.1,mondrian,2,0.15981559738762965,0.3554552639241296,2603
BV2PV,2,lgbm,0.05,marginal,0,0.5517241379310345,0.639013661286825,116
BV2PV,2,lgbm,0.05,marginal,1,0.17574257425742573,0.2964600531691619,404
BV2PV,2,lgbm,0.05,marginal,2,0.028044563964656165,0.08312882159643942,2603
BV2PV,2,lgbm,0.05,mondrian,0,0.25,0.29698584306558035,116
BV2PV,2,lgbm,0.05,mondrian,1,0.1188118811881188,0.21986847628375542,404
BV2PV,2,lgbm,0.05,mondrian,2,0.07376104494813676,0.1867642776922757,2603
BV2PV,2,lgbm,0.1,marginal,0,0.7241379310344828,0.7958241690158298,116
BV2PV,2,lgbm,0.1,marginal,1,0.3193069306930693,0.47197425493213935,404
BV2PV,2,lgbm,0.1,marginal,2,0.06454091432961967,0.15897841187970552,2603
BV2PV,2,lgbm,0.1,mondrian,0,0.39655172413793105,0.45605774294476625,116
BV2PV,2,lgbm,0.1,mondrian,1,0.19801980198019803,0.3394711067580803,404
BV2PV,2,lgbm,0.1,mondrian,2,0.14022281982328083,0.3183727798344495,2603
BV2PV,2,ens,0.05,marginal,0,0.5775862068965517,0.6600786840556364,116
BV2PV,2,ens,0.05,marginal,1,0.1905940594059406,0.32547922205121027,404
BV2PV,2,ens,0.05,marginal,2,0.025739531310026893,0.08002994883740278,2603
BV2PV,2,ens,0.05,mondrian,0,0.2413793103448276,0.30253090052972337,116
BV2PV,2,ens,0.05,mondrian,1,0.10891089108910891,0.19045753462991466,404
BV2PV,2,ens,0.05,mondrian,2,0.08643872454859777,0.23767730127698514,2603
BV2PV,2,ens,0.1,marginal,0,0.7413793103448276,0.8627675722561259,116
BV2PV,2,ens,0.1,marginal,1,0.42574257425742573,0.5850006995942354,404
BV2PV,2,ens,0.1,marginal,2,0.07107184018440262,0.20531591863899173,2603
BV2PV,2,ens,0.1,mondrian,0,0.45689655172413796,0.5620643722313435,116
BV2PV,2,ens,0.1,mondrian,1,0.2004950495049505,0.3353854764236743,404
BV2PV,2,ens,0.1,mondrian,2,0.1628889742604687,0.38810781581465,2603
DV2PV,0,lr,0.05,marginal,0,0.46835443037974683,0.6073955717872632,79
DV2PV,0,lr,0.05,marginal,1,0.15354330708661418,0.31350499782703173,254
DV2PV,0,lr,0.05,marginal,2,0.026343519494204427,0.09927102471404019,949
DV2PV,0,lr,0.05,mondrian,0,0.05063291139240506,0.1363615612873773,79
DV2PV,0,lr,0.05,mondrian,1,0.11811023622047244,0.23511516731855714,254
DV2PV,0,lr,0.05,mondrian,2,0.08008429926238145,0.23670953594500088,949
DV2PV,0,lr,0.1,marginal,0,0.7341772151898734,0.8142433234421365,79
DV2PV,0,lr,0.1,marginal,1,0.3543307086614173,0.5556279878313777,254
DV2PV,0,lr,0.1,marginal,2,0.08008429926238145,0.2370651336454691,949
DV2PV,0,lr,0.1,mondrian,0,0.24050632911392406,0.39566309061858024,79
DV2PV,0,lr,0.1,mondrian,1,0.20078740157480315,0.37967188179052586,254
DV2PV,0,lr,0.1,mondrian,2,0.1475237091675448,0.3584424820719493,949
DV2PV,0,svm,0.05,marginal,0,0.46835443037974683,0.5606939055010272,79
DV2PV,0,svm,0.05,marginal,1,0.14960629921259844,0.30698609300304214,254
DV2PV,0,svm,0.05,marginal,2,0.022128556375131718,0.08481005156166657,949
DV2PV,0,svm,0.05,mondrian,0,0.06329113924050633,0.1547135357224378,79
DV2PV,0,svm,0.05,mondrian,1,0.10236220472440945,0.22620599739243807,254
DV2PV,0,svm,0.05,mondrian,2,0.07586933614330875,0.23226456468914836,949
DV2PV,0,svm,0.1,marginal,0,0.6962025316455697,0.7877653503766263,79
DV2PV,0,svm,0.1,marginal,1,0.35039370078740156,0.5444915254237288,254
DV2PV,0,svm,0.1,marginal,2,0.06111696522655427,0.20630593255496948,949
DV2PV,0,svm,0.1,mondrian,0,0.20253164556962025,0.32134215932435517,79
DV2PV,0,svm,0.1,mondrian,1,0.16535433070866143,0.3594632768361582,254
DV2PV,0,svm,0.1,mondrian,2,0.13487881981032665,0.34925620814318736,949
DV2PV,0,lgbm,0.05,marginal,0,0.5569620253164557,0.733942022369322,79
DV2PV,0,lgbm,0.05,marginal,1,0.027559055118110236,0.10794219904389396,254
DV2PV,0,lgbm,0.05,marginal,2,0.0,0.014520239435784982,949
DV2PV,0,lgbm,0.05,mondrian,0,0.08860759493670886,0.1753024423647569,79
DV2PV,0,lgbm,0.05,mondrian,1,0.05511811023622047,0.17209908735332463,254
DV2PV,0,lgbm,0.05,mondrian,2,0.04214963119072708,0.17027203224085818,949
DV2PV,0,lgbm,0.1,marginal,0,0.7721518987341772,0.9027619265007989,79
DV2PV,0,lgbm,0.1,marginal,1,0.14566929133858267,0.3903194263363755,254
DV2PV,0,lgbm,0.1,marginal,2,0.004214963119072708,0.04000474130267291,949
DV2PV,0,lgbm,0.1,mondrian,0,0.189873417721519,0.30184889294681577,79
DV2PV,0,lgbm,0.1,mondrian,1,0.1220472440944882,0.3457192524989135,254
DV2PV,0,lgbm,0.1,mondrian,2,0.12539515279241306,0.33841047827890713,949
DV2PV,0,ens,0.05,marginal,0,0.620253164556962,0.8024651905957544,79
DV2PV,0,ens,0.05,marginal,1,0.12598425196850394,0.31589526292916126,254
DV2PV,0,ens,0.05,marginal,2,0.006322444678609062,0.04954661293190304,949
DV2PV,0,ens,0.05,mondrian,0,0.13924050632911392,0.23793654416799817,79
DV2PV,0,ens,0.05,mondrian,1,0.1141732283464567,0.2798239895697523,254
DV2PV,0,ens,0.05,mondrian,2,0.06743940990516333,0.2437622236709536,949
DV2PV,0,ens,0.1,marginal,0,0.7721518987341772,0.921570417712851,79
DV2PV,0,ens,0.1,marginal,1,0.3425196850393701,0.5847457627118644,254
DV2PV,0,ens,0.1,marginal,2,0.03582718651211802,0.1414093522195223,949
DV2PV,0,ens,0.1,mondrian,0,0.34177215189873417,0.49043597352202695,79
DV2PV,0,ens,0.1,mondrian,1,0.2047244094488189,0.4314971751412429,254
DV2PV,0,ens,0.1,mondrian,2,0.14330874604847207,0.3857642387245896,949
DV2PV,1,lr,0.05,marginal,0,0.4,0.5976474895876241,70
DV2PV,1,lr,0.05,marginal,1,0.1520912547528517,0.3090634929183047,263
DV2PV,1,lr,0.05,marginal,2,0.01964839710444674,0.09644155689336592,967
DV2PV,1,lr,0.05,mondrian,0,0.04285714285714286,0.1831662776328436,70
DV2PV,1,lr,0.05,mondrian,1,0.07224334600760456,0.18030050083472454,263
DV2PV,1,lr,0.05,mondrian,2,0.07549120992761117,0.23299755617810097,967
DV2PV,1,lr,0.1,marginal,0,0.6714285714285714,0.8227378827406289,70
DV2PV,1,lr,0.1,marginal,1,0.3193916349809886,0.557703699714578,263
DV2PV,1,lr,0.1,marginal,2,0.0827300930713547,0.2385408595100435,967
DV2PV,1,lr,0.1,mondrian,0,0.2857142857142857,0.4465650601858209,70
DV2PV,1,lr,0.1,mondrian,1,0.18250950570342206,0.35650815875922237,263
DV2PV,1,lr,0.1,mondrian,2,0.13857290589451912,0.3664540740299219,967
DV2PV,1,svm,0.05,marginal,0,0.37142857142857144,0.5497276763238592,70
DV2PV,1,svm,0.05,marginal,1,0.155893536121673,0.3098712908611126,263
DV2PV,1,svm,0.05,marginal,2,0.014477766287487074,0.08326876080348096,967
DV2PV,1,svm,0.05,mondrian,0,0.1,0.23250492013364457,70
DV2PV,1,svm,0.05,mondrian,1,0.07604562737642585,0.1670526145726749,263
DV2PV,1,svm,0.05,mondrian,2,0.06618407445708377,0.23269952911724384,967
DV2PV,1,svm,0.1,marginal,0,0.6571428571428571,0.804796558194883,70
DV2PV,1,svm,0.1,marginal,1,0.33079847908745247,0.5647046152189132,263
DV2PV,1,svm,0.1,marginal,2,0.055842812823164424,0.21869225725695893,967
DV2PV,1,svm,0.1,mondrian,0,0.24285714285714285,0.4321021557050666,70
DV2PV,1,svm,0.1,mondrian,1,0.17490494296577946,0.3359900910119016,263
DV2PV,1,svm,0.1,mondrian,2,0.12719751809720786,0.3526852238183227,967
DV2PV,1,lgbm,0.05,marginal,0,0.5,0.7653439516682685,70
DV2PV,1,lgbm,0.05,marginal,1,0.060836501901140684,0.12133125100974743,263
DV2PV,1,lgbm,0.05,marginal,2,0.0,0.011325028312570781,967
DV2PV,1,lgbm,0.05,mondrian,0,0.1,0.17552290722687539,70
DV2PV,1,lgbm,0.05,mondrian,1,0.07224334600760456,0.16382142280144327,263
DV2PV,1,lgbm,0.05,mondrian,2,0.050672182006204755,0.19413482744233176,967
DV2PV,1,lgbm,0.1,marginal,0,0.6857142857142857,0.9117579751933726,70
DV2PV,1,lgbm,0.1,marginal,1,0.17490494296577946,0.37379503473531156,263
DV2PV,1,lgbm,0.1,marginal,2,0.0031023784901758012,0.03045836561959826,967
DV2PV,1,lgbm,0.1,mondrian,0,0.2571428571428571,0.3951668268570644,70
DV2PV,1,lgbm,0.1,mondrian,1,0.12927756653992395,0.2866605633044321,263
DV2PV,1,lgbm,0.1,mondrian,2,0.09617373319544985,0.310246170352268,967
DV2PV,1,ens,0.05,marginal,0,0.5428571428571428,0.8058492379513936,70
DV2PV,1,ens,0.05,marginal,1,0.12927756653992395,0.3090634929183047,263
DV2PV,1,ens,0.05,marginal,2,0.0031023784901758012,0.04041246945222626,967
DV2PV,1,ens,0.05,mondrian,0,0.2,0.29328573390086504,70
DV2PV,1,ens,0.05,mondrian,1,0.07984790874524715,0.1962410469061339,263
DV2PV,1,ens,0.05,mondrian,2,0.057911065149948295,0.24938904452524288,967
DV2PV,1,ens,0.1,marginal,0,0.7857142857142857,0.930065449219644,70
DV2PV,1,ens,0.1,marginal,1,0.30798479087452474,0.5860843341052292,263
DV2PV,1,ens,0.1,marginal,2,0.02481902792140641,0.135006258568278,967
DV2PV,1,ens,0.1,mondrian,0,0.2571428571428571,0.46725250583550737,70
DV2PV,1,ens,0.1,mondrian,1,0.155893536121673,0.378641822392159,263
DV2PV,1,ens,0.1,mondrian,2,0.13340227507755947,0.3776002861059784,967
DV2PV,2,lr,0.05,marginal,0,0.40789473684210525,0.6210175069707913,76
DV2PV,2,lr,0.05,marginal,1,0.15748031496062992,0.32624606015278595,254
DV2PV,2,lr,0.05,marginal,2,0.02081165452653486,0.10232475176883286,961
DV2PV,2,lr,0.05,mondrian,0,0.09210526315789473,0.2883850619371943,76
DV2PV,2,lr,0.05,mondrian,1,0.1062992125984252,0.2305144505582563,254
DV2PV,2,lr,0.05,mondrian,2,0.06763787721123829,0.22647006361852667,961
DV2PV,2,lr,0.1,marginal,0,0.6052631578947368,0.8179366457923847,76
DV2PV,2,lr,0.1,marginal,1,0.3464566929133858,0.5544099577968908,254
DV2PV,2,lr,0.1,marginal,2,0.06971904266389178,0.23015637077115167,961
DV2PV,2,lr,0.1,mondrian,0,0.25,0.4433880330941171,76
DV2PV,2,lr,0.1,mondrian,1,0.23228346456692914,0.44211763448902186,254
DV2PV,2,lr,0.1,mondrian,2,0.14464099895941726,0.3632796242344967,961
DV2PV,2,svm,0.05,marginal,0,0.39473684210526316,0.5882433606070302,76
DV2PV,2,svm,0.05,marginal,1,0.16535433070866143,0.3308937443239489,254
DV2PV,2,svm,0.05,marginal,2,0.011446409989594173,0.09251441821749212,961
DV2PV,2,svm,0.05,mondrian,0,0.11842105263157894,0.2520912373725831,76
DV2PV,2,svm,0.05,mondrian,1,0.09448818897637795,0.2028420321598376,254
DV2PV,2,svm,0.05,mondrian,2,0.054110301768990635,0.20512515607348833,961
DV2PV,2,svm,0.1,marginal,0,0.631578947368421,0.7852082095351283,76
DV2PV,2,svm,0.1,marginal,1,0.3228346456692913,0.5339494631123457,254
DV2PV,2,svm,0.1,marginal,2,0.04994797086368366,0.1959688447589036,961
DV2PV,2,svm,0.1,mondrian,0,0.2631578947368421,0.43867989212414865,76
DV2PV,2,svm,0.1,mondrian,1,0.2047244094488189,0.38517014797799026,254
DV2PV,2,svm,0.1,mondrian,2,0.12174817898022892,0.3351566680539866,961
DV2PV,2,lgbm,0.05,marginal,0,0.5394736842105263,0.7676098185308772,76
DV2PV,2,lgbm,0.05,marginal,1,0.07480314960629922,0.15241198781986218,254
DV2PV,2,lgbm,0.05,marginal,2,0.0,0.020512515607348833,961
DV2PV,2,lgbm,0.05,mondrian,0,0.11842105263157894,0.20345568405174383,76
DV2PV,2,lgbm,0.05,mondrian,1,0.1062992125984252,0.22634756130135156,254
DV2PV,2,lgbm,0.05,mondrian,2,0.04058272632674298,0.19287710327605684,961
DV2PV,2,lgbm,0.1,marginal,0,0.6842105263157895,0.8884673401289025,76
DV2PV,2,lgbm,0.1,marginal,1,0.18503937007874016,0.369944975693146,254
DV2PV,2,lgbm,0.1,marginal,2,0.005202913631633715,0.050300255663238,961
DV2PV,2,lgbm,0.1,mondrian,0,0.17105263157894737,0.3966265941399644,76
DV2PV,2,lgbm,0.1,mondrian,1,0.17716535433070865,0.3435546770660826,254
DV2PV,2,lgbm,0.1,mondrian,2,0.10093652445369407,0.3082228432130329,961
DV2PV,2,ens,0.05,marginal,0,0.5526315789473685,0.8082003931069159,76
DV2PV,2,ens,0.05,marginal,1,0.16929133858267717,0.3294513595811742,254
DV2PV,2,ens,0.05,marginal,2,0.004162330905306972,0.056959391164754146,961
DV2PV,2,ens,0.05,mondrian,0,0.11842105263157894,0.27320930657768433,76
DV2PV,2,ens,0.05,mondrian,1,0.14960629921259844,0.3126769592392756,254
DV2PV,2,ens,0.05,mondrian,2,0.061394380853277836,0.23610202746893394,961
DV2PV,2,ens,0.1,marginal,0,0.7236842105263158,0.9206015450015999,76
DV2PV,2,ens,0.1,marginal,1,0.35039370078740156,0.5851808323094182,254
DV2PV,2,ens,0.1,marginal,2,0.027055150884495317,0.1542303347404721,961
DV2PV,2,ens,0.1,mondrian,0,0.19736842105263158,0.46651734698541847,76
DV2PV,2,ens,0.1,mondrian,1,0.24015748031496062,0.4689353063732037,254
DV2PV,2,ens,0.1,mondrian,2,0.12382934443288242,0.36155538379213986,961
PV-P,0,lr,0.05,marginal,0,0.5966386554621849,0.7340046823386036,119
PV-P,0,lr,0.05,marginal,1,0.2097130242825607,0.2939254811937136,453
PV-P,0,lr,0.05,marginal,2,0.017082785808147174,0.046645918482132814,1522
PV-P,0,lr,0.05,mondrian,0,0.0,0.008178057150187615,119
PV-P,0,lr,0.05,mondrian,1,0.013245033112582781,0.027017481900052976,453
PV-P,0,lr,0.05,mondrian,2,0.10512483574244415,0.21609359181071655,1522
PV-P,0,lr,0.1,marginal,0,0.8403361344537815,0.9022802347583464,119
PV-P,0,lr,0.1,marginal,1,0.45253863134657835,0.6021543351580434,453
PV-P,0,lr,0.1,marginal,2,0.08409986859395532,0.17998425137800442,1522
PV-P,0,lr,0.1,mondrian,0,0.0,0.008274269587248645,119
PV-P,0,lr,0.1,mondrian,1,0.10816777041942605,0.16893283889575608,453
PV-P,0,lr,0.1,mondrian,2,0.21944809461235218,0.37942929993625557,1522
PV-P,0,svm,0.05,marginal,0,0.48739495798319327,0.6477341971072127,119
PV-P,0,svm,0.05,marginal,1,0.22075055187637968,0.33012537524280416,453
PV-P,0,svm,0.05,marginal,2,0.03613666228646518,0.0695564138137913,1522
PV-P,0,svm,0.05,mondrian,0,0.03361344537815126,0.022545781084634873,119
PV-P,0,svm,0.05,mondrian,1,0.002207505518763797,0.012066631349696863,453
PV-P,0,svm,0.05,mondrian,2,0.12680683311432325,0.23997900183733922,1522
PV-P,0,svm,0.1,marginal,0,0.7647058823529411,0.8376254770533338,119
PV-P,0,svm,0.1,marginal,1,0.4194260485651214,0.5657189946435929,453
PV-P,0,svm,0.1,marginal,2,0.08935611038107753,0.1750346844651093,1522
PV-P,0,svm,0.1,mondrian,0,0.05042016806722689,0.04079407331387704,119
PV-P,0,svm,0.1,mondrian,1,0.10816777041942605,0.17222908941079523,453
PV-P,0,svm,0.1,mondrian,2,0.1911957950065703,0.33904533353331584,1522
PV-P,0,lgbm,0.05,marginal,0,0.9159663865546218,0.9626375036079664,119
PV-P,0,lgbm,0.05,marginal,1,0.16997792494481237,0.3187062216728471,453
PV-P,0,lgbm,0.05,marginal,2,0.000657030223390276,0.0014248753234092017,1522
PV-P,0,lgbm,0.05,mondrian,0,0.0,0.0,119
PV-P,0,lgbm,0.05,mondrian,1,0.017660044150110375,0.03746541880040026,453
PV-P,0,lgbm,0.05,mondrian,2,0.10709592641261498,0.27593835539390305,1522
PV-P,0,lgbm,0.1,marginal,0,0.9831932773109243,0.9919181552868734,119
PV-P,0,lgbm,0.1,marginal,1,0.5607064017660044,0.7362705279886985,453
PV-P,0,lgbm,0.1,marginal,2,0.012483574244415242,0.06400689939630283,1522
PV-P,0,lgbm,0.1,mondrian,0,0.0,0.0,119
PV-P,0,lgbm,0.1,mondrian,1,0.12582781456953643,0.23838954617693803,453
PV-P,0,lgbm,0.1,mondrian,2,0.21944809461235218,0.4369492669391428,1522
PV-P,0,ens,0.05,marginal,0,0.8823529411764706,0.9471473012411404,119
PV-P,0,ens,0.05,marginal,1,0.282560706401766,0.42033080228383074,453
PV-P,0,ens,0.05,marginal,2,0.0032851511169513796,0.01796092841876336,1522
PV-P,0,ens,0.05,mondrian,0,0.0,0.006253808408966999,119
PV-P,0,ens,0.05,mondrian,1,0.03532008830022075,0.06995703102007181,453
PV-P,0,ens,0.05,mondrian,2,0.13797634691195795,0.301736098091417,1522
PV-P,0,ens,0.1,marginal,0,0.9747899159663865,0.9876527372438344,119
PV-P,0,ens,0.1,marginal,1,0.5827814569536424,0.7698805109188298,453
PV-P,0,ens,0.1,marginal,2,0.053219448094612355,0.16059844763583186,1522
PV-P,0,ens,0.1,mondrian,0,0.0,0.006317950033674353,119
PV-P,0,ens,0.1,mondrian,1,0.15011037527593818,0.30237212313850137,453
PV-P,0,ens,0.1,mondrian,2,0.23981603153745074,0.45656005099553787,1522
PV-P,1,lr,0.05,marginal,0,0.5,0.7086350974930362,86
PV-P,1,lr,0.05,marginal,1,0.1875,0.2703895902718612,352
PV-P,1,lr,0.05,marginal,2,0.012875536480686695,0.04450384543237666,1165
PV-P,1,lr,0.05,mondrian,0,0.046511627906976744,0.10438085591288934,86
PV-P,1,lr,0.05,mondrian,1,0.02556818181818182,0.02834792037797227,352
PV-P,1,lr,0.05,mondrian,2,0.06866952789699571,0.16497842806227725,1165
PV-P,1,lr,0.1,marginal,0,0.7790697674418605,0.8882248670549506,86
PV-P,1,lr,0.1,marginal,1,0.4119318181818182,0.5585934474479126,352
PV-P,1,lr,0.1,marginal,2,0.06523605150214593,0.16230538360532734,1165
PV-P,1,lr,0.1,mondrian,0,0.12790697674418605,0.19250443150164598,86
PV-P,1,lr,0.1,mondrian,1,0.09090909090909091,0.11769034156920455,352
PV-P,1,lr,0.1,mondrian,2,0.1356223175965665,0.29811480022509845,1165
PV-P,1,svm,0.05,marginal,0,0.4069767441860465,0.5919473284375791,86
PV-P,1,svm,0.05,marginal,1,0.19602272727272727,0.27445589032607853,352
PV-P,1,svm,0.05,marginal,2,0.01630901287553648,0.051350590883511536,1165
PV-P,1,svm,0.05,mondrian,0,0.05813953488372093,0.10392504431501647,86
PV-P,1,svm,0.05,mondrian,1,0.04261363636363636,0.042328247231043295,352
PV-P,1,svm,0.05,mondrian,2,0.08068669527896996,0.1861283061339336,1165
PV-P,1,svm,0.1,marginal,0,0.6627906976744186,0.8141808052671562,86
PV-P,1,svm,0.1,marginal,1,0.39488636363636365,0.5307877004105027,352
PV-P,1,svm,0.1,marginal,2,0.07553648068669527,0.16577565184768336,1165
PV-P,1,svm,0.1,mondrian,0,0.20930232558139536,0.31293998480628005,86
PV-P,1,svm,0.1,mondrian,1,0.10511363636363637,0.12938579505847728,352
PV-P,1,svm,0.1,mondrian,2,0.14163090128755365,0.28606265241042955,1165
PV-P,1,lgbm,0.05,marginal,0,0.9186046511627907,0.9667763990883768,86
PV-P,1,lgbm,0.05,marginal,1,0.1590909090909091,0.3200371776004957,352
PV-P,1,lgbm,0.05,marginal,2,0.0008583690987124463,0.0013130744700806604,1165
PV-P,1,lgbm,0.05,mondrian,0,0.08139534883720931,0.13329956951126867,86
PV-P,1,lgbm,0.05,mondrian,1,0.05113636363636364,0.1313608550848114,352
PV-P,1,lgbm,0.05,mondrian,2,0.06609442060085836,0.20648096042018382,1165
PV-P,1,lgbm,0.1,marginal,0,0.9651162790697675,0.9916940997720942,86
PV-P,1,lgbm,0.1,marginal,1,0.53125,0.7290682363875765,352
PV-P,1,lgbm,0.1,marginal,2,0.011158798283261802,0.03911086100168824,1165
PV-P,1,lgbm,0.1,mondrian,0,0.11627906976744186,0.2644720182324639,86
PV-P,1,lgbm,0.1,mondrian,1,0.14488636363636365,0.2973820772984277,352
PV-P,1,lgbm,0.1,mondrian,2,0.13905579399141632,0.35021571937722756,1165
PV-P,1,ens,0.05,marginal,0,0.8023255813953488,0.9177006837173968,86
PV-P,1,ens,0.05,marginal,1,0.1846590909090909,0.3200371776004957,352
PV-P,1,ens,0.05,marginal,2,0.0008583690987124463,0.007690864753329581,1165
PV-P,1,ens,0.05,mondrian,0,0.046511627906976744,0.14575841985312737,86
PV-P,1,ens,0.05,mondrian,1,0.05113636363636364,0.0881418945085586,352
PV-P,1,ens,0.05,mondrian,2,0.07811158798283262,0.21829863065090976,1165
PV-P,1,ens,0.1,marginal,0,0.9418604651162791,0.9867308179285895,86
PV-P,1,ens,0.1,marginal,1,0.5397727272727273,0.7413058632174115,352
PV-P,1,ens,0.1,marginal,2,0.03690987124463519,0.12605514912774338,1165
PV-P,1,ens,0.1,mondrian,0,0.12790697674418605,0.24016206634591036,86
PV-P,1,ens,0.1,mondrian,1,0.08238636363636363,0.15339632871195105,352
PV-P,1,ens,0.1,mondrian,2,0.19484978540772532,0.4274057400112549,1165
PV-P,2,lr,0.05,marginal,0,0.4895833333333333,0.6807757829904337,96
PV-P,2,lr,0.05,marginal,1,0.14168937329700274,0.2500091928663357,367
PV-P,2,lr,0.05,marginal,2,0.010954616588419406,0.037292275483054915,1278
PV-P,2,lr,0.05,mondrian,0,0.0,0.0,96
PV-P,2,lr,0.05,mondrian,1,0.051771117166212535,0.11399154256297113,367
PV-P,2,lr,0.05,mondrian,2,0.04460093896713615,0.13634579316962533,1278
PV-P,2,lr,0.1,marginal,0,0.8125,0.892325164897567,96
PV-P,2,lr,0.1,marginal,1,0.35967302452316074,0.5629711343997058,367
PV-P,2,lr,0.1,marginal,2,0.056338028169014086,0.15811052470885856,1278
PV-P,2,lr,0.1,mondrian,0,0.10416666666666667,0.13453894203468308,96
PV-P,2,lr,0.1,mondrian,1,0.09809264305177112,0.21474535760250046,367
PV-P,2,lr,0.1,mondrian,2,0.10876369327073553,0.24905133685174685,1278
PV-P,2,svm,0.05,marginal,0,0.40625,0.5485082776394531,96
PV-P,2,svm,0.05,marginal,1,0.14168937329700274,0.2616289759146902,367
PV-P,2,svm,0.05,marginal,2,0.017996870109546165,0.04889431674444977,1278
PV-P,2,svm,0.05,mondrian,0,0.0,0.0,96
PV-P,2,svm,0.05,mondrian,1,0.04904632152588556,0.10829196543482257,367
PV-P,2,svm,0.05,mondrian,2,0.05555555555555555,0.13826492781436733,1278
PV-P,2,svm,0.1,marginal,0,0.71875,0.7996330756126326,96
PV-P,2,svm,0.1,marginal,1,0.32697547683923706,0.5195440338297481,367
PV-P,2,svm,0.1,marginal,2,0.06338028169014084,0.15235312077463253,1278
PV-P,2,svm,0.1,mondrian,0,0.09375,0.14266369632638798,96
PV-P,2,svm,0.1,mondrian,1,0.1008174386920981,0.1855120426548998,367
PV-P,2,svm,0.1,mondrian,2,0.11815336463223787,0.2346142103197104,1278
PV-P,2,lgbm,0.05,marginal,0,0.9166666666666666,0.9650548202507316,96
PV-P,2,lgbm,0.05,marginal,1,0.11716621253405994,0.24478764478764478,367
PV-P,2,lgbm,0.05,marginal,2,0.000782472613458529,0.0012648841976708684,1278
PV-P,2,lgbm,0.05,mondrian,0,0.0,0.0,96
PV-P,2,lgbm,0.05,mondrian,1,0.021798365122615803,0.07258687258687259,367
PV-P,2,lgbm,0.05,mondrian,2,0.06729264475743349,0.19928468617786887,1278
PV-P,2,lgbm,0.1,marginal,0,0.9791666666666666,0.9926178307779671,96
PV-P,2,lgbm,0.1,marginal,1,0.4332425068119891,0.6531347674204817,367
PV-P,2,lgbm,0.1,marginal,2,0.005477308294209703,0.03201465521001439,1278
PV-P,2,lgbm,0.1,mondrian,0,0.16666666666666666,0.3178700912942821,96
PV-P,2,lgbm,0.1,mondrian,1,0.10899182561307902,0.2331678617392903,367
PV-P,2,lgbm,0.1,mondrian,2,0.16823161189358374,0.37820037510358967,1278
PV-P,2,ens,0.05,marginal,0,0.8125,0.9415541868693487,96
PV-P,2,ens,0.05,marginal,1,0.19618528610354224,0.3682294539437397,367
PV-P,2,ens,0.05,marginal,2,0.002347417840375587,0.013172242334365595,1278
PV-P,2,ens,0.05,mondrian,0,0.0,0.0,96
PV-P,2,ens,0.05,mondrian,1,0.04087193460490463,0.10034932892075749,367
PV-P,2,ens,0.05,mondrian,2,0.051643192488262914,0.16748811445021153,1278
PV-P,2,ens,0.1,marginal,0,0.9583333333333334,0.9850172541825012,96
PV-P,2,ens,0.1,marginal,1,0.41689373297002724,0.6567015995587424,367
PV-P,2,ens,0.1,marginal,2,0.019561815336463225,0.08662275919221878,1278
PV-P,2,ens,0.1,mondrian,0,0.09375,0.16577119643559166,96
PV-P,2,ens,0.1,mondrian,1,0.17166212534059946,0.33634859349145063,367
PV-P,2,ens,0.1,mondrian,2,0.14084507042253522,0.3334496445239238,1278
PV-R,0,lr,0.05,marginal,0,0.5714285714285714,0.7270442509649044,42
PV-R,0,lr,0.05,marginal,1,0.13725490196078433,0.3554947560419517,153
PV-R,0,lr,0.05,marginal,2,0.01023391812865497,0.08952061446102233,684
PV-R,0,lr,0.05,mondrian,0,0.0,0.009873440445202405,42
PV-R,0,lr,0.05,mondrian,1,0.0718954248366013,0.19817601459188328,153
PV-R,0,lr,0.05,mondrian,2,0.04239766081871345,0.2223006974485742,684
PV-R,0,lr,0.1,marginal,0,0.7619047619047619,0.8707476887173503,42
PV-R,0,lr,0.1,marginal,1,0.32679738562091504,0.5778385772913817,153
PV-R,0,lr,0.1,marginal,2,0.039473684210526314,0.210735410964951,684
PV-R,0,lr,0.1,mondrian,0,0.023809523809523808,0.11345480657032582,42
PV-R,0,lr,0.1,mondrian,1,0.1111111111111111,0.33533971728226175,153
PV-R,0,lr,0.1,mondrian,2,0.0804093567251462,0.30890791913127924,684
PV-R,0,svm,0.05,marginal,0,0.5238095238095238,0.6115249977560363,42
PV-R,0,svm,0.05,marginal,1,0.1830065359477124,0.3444596443228454,153
PV-R,0,svm,0.05,marginal,2,0.014619883040935672,0.09870221594420411,684
PV-R,0,svm,0.05,mondrian,0,0.0,0.012117404182748407,42
PV-R,0,svm,0.05,mondrian,1,0.0718954248366013,0.1355221158230734,153
PV-R,0,svm,0.05,mondrian,2,0.03508771929824561,0.19263706188752538,684
PV-R,0,svm,0.1,marginal,0,0.6428571428571429,0.7813481734135176,42
PV-R,0,svm,0.1,marginal,1,0.3006535947712418,0.5358869129046968,153
PV-R,0,svm,0.1,marginal,2,0.03508771929824561,0.19811070892557606,684
PV-R,0,svm,0.1,mondrian,0,0.0,0.08212907279418365,42
PV-R,0,svm,0.1,mondrian,1,0.1437908496732026,0.30360237118103056,153
PV-R,0,svm,0.1,mondrian,2,0.07748538011695906,0.3032577028339366,684
PV-R,0,lgbm,0.05,marginal,0,0.8571428571428571,0.9530562786105377,42
PV-R,0,lgbm,0.05,marginal,1,0.13725490196078433,0.302781577747378,153
PV-R,0,lgbm,0.05,marginal,2,0.0,0.0025602542597333803,684
PV-R,0,lgbm,0.05,mondrian,0,0.047619047619047616,0.15743649582622746,42
PV-R,0,lgbm,0.05,mondrian,1,0.06535947712418301,0.204468764249886,153
PV-R,0,lgbm,0.05,mondrian,2,0.05555555555555555,0.22221241281892823,684
PV-R,0,lgbm,0.1,marginal,0,0.9523809523809523,0.9855488735302037,42
PV-R,0,lgbm,0.1,marginal,1,0.33986928104575165,0.636297309621523,153
PV-R,0,lgbm,0.1,marginal,2,0.005847953216374269,0.03699125982166505,684
PV-R,0,lgbm,0.1,mondrian,0,0.11904761904761904,0.2718786464410735,42
PV-R,0,lgbm,0.1,mondrian,1,0.16339869281045752,0.34062927496580025,153
PV-R,0,lgbm,0.1,mondrian,2,0.09502923976608187,0.3580824578440893,684
PV-R,0,ens,0.05,marginal,0,0.7380952380952381,0.9187685127008347,42
PV-R,0,ens,0.05,marginal,1,0.13725490196078433,0.40191518467852255,153
PV-R,0,ens,0.05,marginal,2,0.0014619883040935672,0.031517612783614375,684
PV-R,0,ens,0.05,mondrian,0,0.0,0.008616820752176645,42
PV-R,0,ens,0.05,mondrian,1,0.0718954248366013,0.16507067943456452,153
PV-R,0,ens,0.05,mondrian,2,0.05555555555555555,0.2508166328242253,684
PV-R,0,ens,0.1,marginal,0,0.8571428571428571,0.9745983304909792,42
PV-R,0,ens,0.1,marginal,1,0.3464052287581699,0.6850889192886457,153
PV-R,0,ens,0.1,marginal,2,0.019005847953216373,0.14187339984108766,684
PV-R,0,ens,0.1,mondrian,0,0.047619047619047616,0.1945067767704874,42
PV-R,0,ens,0.1,mondrian,1,0.12418300653594772,0.35303237574099405,153
PV-R,0,ens,0.1,mondrian,2,0.09941520467836257,0.3712368676613402,684
PV-R,1,lr,0.05,marginal,0,0.34285714285714286,0.6491560610163372,35
PV-R,1,lr,0.05,marginal,1,0.0738255033557047,0.2788310367150652,149
PV-R,1,lr,0.05,marginal,2,0.00872093023255814,0.05509447289422568,688
PV-R,1,lr,0.05,mondrian,0,0.0,0.12049823991334958,35
PV-R,1,lr,0.05,mondrian,1,0.053691275167785234,0.15777305095718117,149
PV-R,1,lr,0.05,mondrian,2,0.04215116279069767,0.16484195656012715,688
PV-R,1,lr,0.1,marginal,0,0.42857142857142855,0.8130697716400397,35
PV-R,1,lr,0.1,marginal,1,0.18791946308724833,0.49514473319152874,149
PV-R,1,lr,0.1,marginal,2,0.03343023255813953,0.14718347165813173,688
PV-R,1,lr,0.1,mondrian,0,0.08571428571428572,0.23422691578662333,35
PV-R,1,lr,0.1,mondrian,1,0.06711409395973154,0.2526588365855914,149
PV-R,1,lr,0.1,mondrian,2,0.09447674418604651,0.2944552357407734,688
PV-R,1,svm,0.05,marginal,0,0.34285714285714286,0.5487859915154797,35
PV-R,1,svm,0.05,marginal,1,0.09395973154362416,0.3072227873855544,149
PV-R,1,svm,0.05,marginal,2,0.011627906976744186,0.0776973335687798,688
PV-R,1,svm,0.05,mondrian,0,0.0,0.12663597797635165,35
PV-R,1,svm,0.05,mondrian,1,0.040268456375838924,0.1380745399056691,149
PV-R,1,svm,0.05,mondrian,2,0.0377906976744186,0.14400494437577255,688
PV-R,1,svm,0.1,marginal,0,0.37142857142857144,0.7193790053253903,35
PV-R,1,svm,0.1,marginal,1,0.18120805369127516,0.4707296772403588,149
PV-R,1,svm,0.1,marginal,2,0.040697674418604654,0.15592442168461945,688
PV-R,1,svm,0.1,mondrian,0,0.08571428571428572,0.21843126635977977,35
PV-R,1,svm,0.1,mondrian,1,0.09395973154362416,0.30269120503098124,149
PV-R,1,svm,0.1,mondrian,2,0.0872093023255814,0.2665548295956207,688
PV-R,1,lgbm,0.05,marginal,0,0.8571428571428571,0.9551403556277642,35
PV-R,1,lgbm,0.05,marginal,1,0.12751677852348994,0.2881716452418385,149
PV-R,1,lgbm,0.05,marginal,2,0.0,0.0033551121313791276,688
PV-R,1,lgbm,0.05,mondrian,0,0.02857142857142857,0.19342900983843306,35
PV-R,1,lgbm,0.05,mondrian,1,0.087248322147651,0.203643762138167,149
PV-R,1,lgbm,0.05,mondrian,2,0.05377906976744186,0.22090764612396258,688
PV-R,1,lgbm,0.1,marginal,0,0.9428571428571428,0.9861900893582454,35
PV-R,1,lgbm,0.1,marginal,1,0.2953020134228188,0.602238046795524,149
PV-R,1,lgbm,0.1,marginal,2,0.0029069767441860465,0.033815998587321205,688
PV-R,1,lgbm,0.1,mondrian,0,0.11428571428571428,0.33441646357974547,35
PV-R,1,lgbm,0.1,mondrian,1,0.14093959731543623,0.3044483492092851,149
PV-R,1,lgbm,0.1,mondrian,2,0.1002906976744186,0.3400141267879216,688
PV-R,1,ens,0.05,marginal,0,0.5142857142857142,0.8893401931582273,35
PV-R,1,ens,0.05,marginal,1,0.09395973154362416,0.3326551373346897,149
PV-R,1,ens,0.05,marginal,2,0.0,0.021543351580434397,688
PV-R,1,ens,0.05,mondrian,0,0.0,0.12275476126004152,35
PV-R,1,ens,0.05,mondrian,1,0.06040268456375839,0.17238509201886618,149
PV-R,1,ens,0.05,mondrian,2,0.0436046511627907,0.20121843545823767,688
PV-R,1,ens,0.1,marginal,0,0.7142857142857143,0.9671450491921654,35
PV-R,1,ens,0.1,marginal,1,0.26174496644295303,0.6186997133080551,149
PV-R,1,ens,0.1,marginal,2,0.01308139534883721,0.10586261698746248,688
PV-R,1,ens,0.1,mondrian,0,0.11428571428571428,0.253632999368174,35
PV-R,1,ens,0.1,mondrian,1,0.09395973154362416,0.2820678812540461,149
PV-R,1,ens,0.1,mondrian,2,0.09738372093023256,0.3411619283065513,688
PV-R,2,lr,0.05,marginal,0,0.3958333333333333,0.724808644754615,48
PV-R,2,lr,0.05,marginal,1,0.1656441717791411,0.34442849452718466,163
PV-R,2,lr,0.05,marginal,2,0.013196480938416423,0.07459784337988333,682
PV-R,2,lr,0.05,mondrian,0,0.0625,0.18126969833408374,48
PV-R,2,lr,0.05,mondrian,1,0.018404907975460124,0.10541898438901848,163
PV-R,2,lr,0.05,mondrian,2,0.05278592375366569,0.21981615697366094,682
PV-R,2,lr,0.1,marginal,0,0.5625,0.8456551103106709,48
PV-R,2,lr,0.1,marginal,1,0.2822085889570552,0.5286201327830612,163
PV-R,2,lr,0.1,marginal,2,0.03519061583577713,0.16289552766484003,682
PV-R,2,lr,0.1,mondrian,0,0.14583333333333334,0.3435389464205313,48
PV-R,2,lr,0.1,mondrian,1,0.09202453987730061,0.23945810156109815,163
PV-R,2,lr,0.1,mondrian,2,0.0967741935483871,0.332861940958105,682
PV-R,2,svm,0.05,marginal,0,0.2708333333333333,0.5375956776226924,48
PV-R,2,svm,0.05,marginal,1,0.12883435582822086,0.28324062443926074,163
PV-R,2,svm,0.05,marginal,2,0.01466275659824047,0.06584762241470744,682
PV-R,2,svm,0.05,mondrian,0,0.10416666666666667,0.2174696082845565,48
PV-R,2,svm,0.05,mondrian,1,0.018404907975460124,0.08666786291046115,163
PV-R,2,svm,0.05,mondrian,2,0.05571847507331378,0.21256849920452536,682
PV-R,2,svm,0.1,marginal,0,0.5,0.7592075641602881,48
PV-R,2,svm,0.1,marginal,1,0.294478527607362,0.5047550690830791,163
PV-R,2,svm,0.1,marginal,2,0.039589442815249266,0.16749160332331625,682
PV-R,2,svm,0.1,mondrian,0,0.10416666666666667,0.2731202161188654,48
PV-R,2,svm,0.1,mondrian,1,0.05521472392638037,0.20312219630360667,163
PV-R,2,svm,0.1,mondrian,2,0.093841642228739,0.31341700547993634,682
PV-R,2,lgbm,0.05,marginal,0,0.6666666666666666,0.8968032417829807,48
PV-R,2,lgbm,0.05,marginal,1,0.06134969325153374,0.1251570069980262,163
PV-R,2,lgbm,0.05,marginal,2,0.0,0.001149018914619056,682
PV-R,2,lgbm,0.05,mondrian,0,0.125,0.23214768122467358,48
PV-R,2,lgbm,0.05,mondrian,1,0.024539877300613498,0.07608110532926611,163
PV-R,2,lgbm,0.05,mondrian,2,0.06158357771260997,0.25357963584939014,682
PV-R,2,lgbm,0.1,marginal,0,0.9375,0.9888338586222423,48
PV-R,2,lgbm,0.1,marginal,1,0.294478527607362,0.5720437825228781,163
PV-R,2,lgbm,0.1,marginal,2,0.002932551319648094,0.023599080784868304,682
PV-R,2,lgbm,0.1,mondrian,0,0.14583333333333334,0.29095002251238183,48
PV-R,2,lgbm,0.1,mondrian,1,0.1411042944785276,0.2483402117351516,163
PV-R,2,lgbm,0.1,mondrian,2,0.12316715542521994,0.3585822874315008,682
PV-R,2,ens,0.05,marginal,0,0.5833333333333334,0.8977937865826204,48
PV-R,2,ens,0.05,marginal,1,0.1411042944785276,0.3384173694598959,163
PV-R,2,ens,0.05,marginal,2,0.001466275659824047,0.018384302633904896,682
PV-R,2,ens,0.05,mondrian,0,0.0625,0.14858171994597028,48
PV-R,2,ens,0.05,mondrian,1,0.07975460122699386,0.1875112147855733,163
PV-R,2,ens,0.05,mondrian,2,0.06158357771260997,0.2532260915679689,682
PV-R,2,ens,0.1,marginal,0,0.7916666666666666,0.9728950923007654,48
PV-R,2,ens,0.1,marginal,1,0.3558282208588957,0.6431903821998923,163
PV-R,2,ens,0.1,marginal,2,0.017595307917888565,0.1030581580342938,682
PV-R,2,ens,0.1,mondrian,0,0.125,0.27816298964430436,48
PV-R,2,ens,0.1,mondrian,1,0.1411042944785276,0.3384173694598959,163
PV-R,2,ens,0.1,mondrian,2,0.09824046920821114,0.37210535619586355,682
PV-T,0,lr,0.05,marginal,0,0.42105263157894735,0.6241551419361547,76
PV-T,0,lr,0.05,marginal,1,0.1036036036036036,0.23033248081841431,222
PV-T,0,lr,0.05,marginal,2,0.00603448275862069,0.03356664793337761,1160
PV-T,0,lr,0.05,mondrian,0,0.10526315789473684,0.13091400644691692,76
PV-T,0,lr,0.05,mondrian,1,0.009009009009009009,0.062199488491048595,222
PV-T,0,lr,0.05,mondrian,2,0.06465517241379311,0.19113063914576203,1160
PV-T,0,lr,0.1,marginal,0,0.5263157894736842,0.7824685452843922,76
PV-T,0,lr,0.1,marginal,1,0.25225225225225223,0.4054219948849105,222
PV-T,0,lr,0.1,marginal,2,0.02413793103448276,0.09191232820722424,1160
PV-T,0,lr,0.1,mondrian,0,0.15789473684210525,0.21612769054798794,76
PV-T,0,lr,0.1,mondrian,1,0.07207207207207207,0.18383631713554988,222
PV-T,0,lr,0.1,mondrian,2,0.13275862068965516,0.3111939917232923,1160
PV-T,0,svm,0.05,marginal,0,0.3815789473684211,0.5245918685660809,76
PV-T,0,svm,0.05,marginal,1,0.13963963963963963,0.24895140664961637,222
PV-T,0,svm,0.05,marginal,2,0.01206896551724138,0.04654370816941705,1160
PV-T,0,svm,0.05,mondrian,0,0.14473684210526316,0.20484558594156183,76
PV-T,0,svm,0.05,mondrian,1,0.02252252252252252,0.04731457800511509,222
PV-T,0,svm,0.05,mondrian,2,0.06293103448275862,0.17989066571297196,1160
PV-T,0,svm,0.1,marginal,0,0.4868421052631579,0.698918581678278,76
PV-T,0,svm,0.1,marginal,1,0.23423423423423423,0.41038363171355496,222
PV-T,0,svm,0.1,marginal,2,0.029310344827586206,0.10800592653144638,1160
PV-T,0,svm,0.1,mondrian,0,0.14473684210526316,0.22772174274721846,76
PV-T,0,svm,0.1,mondrian,1,0.07657657657657657,0.16531969309462916,222
PV-T,0,svm,0.1,mondrian,2,0.1060344827586207,0.27256935574515917,1160
PV-T,0,lgbm,0.05,marginal,0,0.881578947368421,0.9467609441613809,76
PV-T,0,lgbm,0.05,marginal,1,0.1036036036036036,0.29120204603580563,222
PV-T,0,lgbm,0.05,marginal,2,0.0008620689655172414,0.0016349052265876463,1160
PV-T,0,lgbm,0.05,mondrian,0,0.0,0.0,76
PV-T,0,lgbm,0.05,mondrian,1,0.04504504504504504,0.1637851662404092,222
PV-T,0,lgbm,0.05,mondrian,2,0.056896551724137934,0.1931742706789966,1160
PV-T,0,lgbm,0.1,marginal,0,0.9473684210526315,0.9861183321202038,76
PV-T,0,lgbm,0.1,marginal,1,0.40540540540540543,0.6381074168797954,222
PV-T,0,lgbm,0.1,marginal,2,0.004310344827586207,0.02799775200531344,1160
PV-T,0,lgbm,0.1,mondrian,0,0.0,0.004991161484870541,76
PV-T,0,lgbm,0.1,mondrian,1,0.13063063063063063,0.3282864450127877,222
PV-T,0,lgbm,0.1,mondrian,2,0.1146551724137931,0.3219741480611046,1160
PV-T,0,ens,0.05,marginal,0,0.7105263157894737,0.898097119683893,76
PV-T,0,ens,0.05,marginal,1,0.0990990990990991,0.3132480818414322,222
PV-T,0,ens,0.05,marginal,2,0.0008620689655172414,0.00802125376794564,1160
PV-T,0,ens,0.05,mondrian,0,0.17105263157894737,0.20973276489549755,76
PV-T,0,ens,0.05,mondrian,1,0.03153153153153153,0.14710997442455243,222
PV-T,0,ens,0.05,mondrian,2,0.056896551724137934,0.20911459663822612,1160
PV-T,0,ens,0.1,marginal,0,0.9078947368421053,0.9682853280648851,76
PV-T,0,ens,0.1,marginal,1,0.36936936936936937,0.6220971867007673,222
PV-T,0,ens,0.1,marginal,2,0.014655172413793103,0.07270219179481939,1160
PV-T,0,ens,0.1,mondrian,0,0.17105263157894737,0.2648954975564105,76
PV-T,0,ens,0.1,mondrian,1,0.10810810810810811,0.31918158567774935,222
PV-T,0,ens,0.1,mondrian,2,0.1103448275862069,0.3284626781791243,1160
PV-T,1,lr,0.05,marginal,0,0.4594594594594595,0.6983166754339821,74
PV-T,1,lr,0.05,marginal,1,0.1388888888888889,0.2941447671738128,216
PV-T,1,lr,0.05,marginal,2,0.012842465753424657,0.052305053969534956,1168
PV-T,1,lr,0.05,mondrian,0,0.06756756756756757,0.0905312993161494,74
PV-T,1,lr,0.05,mondrian,1,0.037037037037037035,0.0833461400543005,216
PV-T,1,lr,0.05,mondrian,2,0.06335616438356165,0.16548976092000403,1168
PV-T,1,lr,0.1,marginal,0,0.7027027027027027,0.8374539715938979,74
PV-T,1,lr,0.1,marginal,1,0.3101851851851852,0.4800471287331592,216
PV-T,1,lr,0.1,marginal,2,0.04195205479452055,0.12604660546756785,1168
PV-T,1,lr,0.1,mondrian,0,0.21621621621621623,0.2930036822724882,74
PV-T,1,lr,0.1,mondrian,1,0.05555555555555555,0.1261205880846268,216
PV-T,1,lr,0.1,mondrian,2,0.15325342465753425,0.3324926863714315,1168
PV-T,1,svm,0.05,marginal,0,0.36486486486486486,0.5225670699631773,74
PV-T,1,svm,0.05,marginal,1,0.12037037037037036,0.25116541160801187,216
PV-T,1,svm,0.05,marginal,2,0.01113013698630137,0.04625239584384142,1168
PV-T,1,svm,0.05,mondrian,0,0.0945945945945946,0.13398211467648605,74
PV-T,1,svm,0.05,mondrian,1,0.037037037037037035,0.0672096716356744,216
PV-T,1,svm,0.05,mondrian,2,0.0547945205479452,0.1571169171794613,1168
PV-T,1,svm,0.1,marginal,0,0.6351351351351351,0.7749079431877959,74
PV-T,1,svm,0.1,marginal,1,0.3425925925925926,0.495927462732442,216
PV-T,1,svm,0.1,marginal,2,0.04708904109589041,0.1476344194492081,1168
PV-T,1,svm,0.1,mondrian,0,0.25675675675675674,0.3559179379274066,74
PV-T,1,svm,0.1,mondrian,1,0.05555555555555555,0.112904052046514,216
PV-T,1,svm,0.1,mondrian,2,0.11986301369863013,0.2971350751538384,1168
PV-T,1,lgbm,0.05,marginal,0,0.8513513513513513,0.9335612835349816,74
PV-T,1,lgbm,0.05,marginal,1,0.041666666666666664,0.11879514369140926,216
PV-T,1,lgbm,0.05,marginal,2,0.0,5.043881771411278e-05,1168
PV-T,1,lgbm,0.05,mondrian,0,0.0,0.0,74
PV-T,1,lgbm,0.05,mondrian,1,0.041666666666666664,0.12519850417499104,216
PV-T,1,lgbm,0.05,mondrian,2,0.08732876712328767,0.25895289014425504,1168
PV-T,1,lgbm,0.1,marginal,0,1.0,0.991899000526039,74
PV-T,1,lgbm,0.1,marginal,1,0.2962962962962963,0.5130372419445726,216
PV-T,1,lgbm,0.1,marginal,2,0.0025684931506849314,0.011197417532533038,1168
PV-T,1,lgbm,0.1,mondrian,0,0.0,0.0,74
PV-T,1,lgbm,0.1,mondrian,1,0.10185185185185185,0.25444393217560574,216
PV-T,1,lgbm,0.1,mondrian,2,0.1190068493150685,0.3429335216382528,1168
PV-T,1,ens,0.05,marginal,0,0.7162162162162162,0.8850604944765913,74
PV-T,1,ens,0.05,marginal,1,0.09259259259259259,0.23851237129245428,216
PV-T,1,ens,0.05,marginal,2,0.0,0.00398466659941491,1168
PV-T,1,ens,0.05,mondrian,0,0.05405405405405406,0.07790636507101525,74
PV-T,1,ens,0.05,mondrian,1,0.013888888888888888,0.07776240971261718,216
PV-T,1,ens,0.05,mondrian,2,0.07705479452054795,0.24881468778371835,1168
PV-T,1,ens,0.1,marginal,0,0.972972972972973,0.9790110468174645,74
PV-T,1,ens,0.1,marginal,1,0.39814814814814814,0.633266738384304,216
PV-T,1,ens,0.1,marginal,2,0.017123287671232876,0.073791990315747,1168
PV-T,1,ens,0.1,mondrian,0,0.22972972972972974,0.2962651236191478,74
PV-T,1,ens,0.1,mondrian,1,0.06944444444444445,0.1956866963782593,216
PV-T,1,ens,0.1,mondrian,2,0.13184931506849315,0.36870775749016443,1168
PV-T,2,lr,0.05,marginal,0,0.3466666666666667,0.6236620894898971,75
PV-T,2,lr,0.05,marginal,1,0.12385321100917432,0.22804322220515183,218
PV-T,2,lr,0.05,marginal,2,0.005150214592274678,0.033389236164049395,1165
PV-T,2,lr,0.05,mondrian,0,0.08,0.0994100140970083,75
PV-T,2,lr,0.05,mondrian,1,0.04128440366972477,0.06974957750806575,218
PV-T,2,lr,0.05,mondrian,2,0.0463519313304721,0.1378767088478935,1165
PV-T,2,lr,0.1,marginal,0,0.6133333333333333,0.8410170730433875,75
PV-T,2,lr,0.1,marginal,1,0.2981651376146789,0.4930608900496748,218
PV-T,2,lr,0.1,marginal,2,0.04377682403433476,0.1324388880418763,1165
PV-T,2,lr,0.1,mondrian,0,0.13333333333333333,0.19229363546180755,75
PV-T,2,lr,0.1,mondrian,1,0.12385321100917432,0.22804322220515183,218
PV-T,2,lr,0.1,mondrian,2,0.12103004291845494,0.29404888956649894,1165
PV-T,2,svm,0.05,marginal,0,0.32,0.47647888059311855,75
PV-T,2,svm,0.05,marginal,1,0.11467889908256881,0.2100168996773698,218
PV-T,2,svm,0.05,marginal,2,0.007725321888412017,0.036946689027798955,1165
PV-T,2,svm,0.05,mondrian,0,0.09333333333333334,0.14321516211559546,75
PV-T,2,svm,0.05,mondrian,1,0.05504587155963303,0.09243611409842782,218
PV-T,2,svm,0.05,mondrian,2,0.03862660944206009,0.12125832189866341,1165
PV-T,2,svm,0.1,marginal,0,0.52,0.7326789536887172,75
PV-T,2,svm,0.1,marginal,1,0.27522935779816515,0.44287396937573614,218
PV-T,2,svm,0.1,marginal,2,0.03862660944206009,0.12125832189866341,1165
PV-T,2,svm,0.1,mondrian,0,0.18666666666666668,0.28846655876364014,75
PV-T,2,svm,0.1,mondrian,1,0.11467889908256881,0.20817329850975572,218
PV-T,2,svm,0.1,mondrian,2,0.10643776824034334,0.2500381155663973,1165
PV-T,2,lgbm,0.05,marginal,0,0.8666666666666667,0.9473189578656085,75
PV-T,2,lgbm,0.05,marginal,1,0.0779816513761468,0.2366466943206842,218
PV-T,2,lgbm,0.05,marginal,2,0.0008583690987124463,0.0010164151039284443,1165
PV-T,2,lgbm,0.05,mondrian,0,0.013333333333333334,0.02605335978697854,75
PV-T,2,lgbm,0.05,mondrian,1,0.045871559633027525,0.14805141598811902,218
PV-T,2,lgbm,0.05,mondrian,2,0.0815450643776824,0.24561670986430859,1165
PV-T,2,lgbm,0.1,marginal,0,0.9466666666666667,0.9901843053307576,75
PV-T,2,lgbm,0.1,marginal,1,0.3394495412844037,0.6555538485174374,218
PV-T,2,lgbm,0.1,marginal,2,0.008583690987124463,0.04075824566753062,1165
PV-T,2,lgbm,0.1,mondrian,0,0.09333333333333334,0.23453244922466454,75
PV-T,2,lgbm,0.1,mondrian,1,0.10550458715596331,0.2732114508116966,218
PV-T,2,lgbm,0.1,mondrian,2,0.14678111587982834,0.3743965035320425,1165
PV-T,2,ens,0.05,marginal,0,0.6266666666666667,0.885396543622409,75
PV-T,2,ens,0.05,marginal,1,0.0871559633027523,0.26978030419419263,218
PV-T,2,ens,0.05,marginal,2,0.0,0.0086903491385882,1165
PV-T,2,ens,0.05,mondrian,0,0.13333333333333333,0.17751788231608626,75
PV-T,2,ens,0.05,mondrian,1,0.01834862385321101,0.07179802324985916,218
PV-T,2,ens,0.05,mondrian,2,0.05150214592274678,0.18331046399349493,1165
PV-T,2,ens,0.1,marginal,0,0.9066666666666666,0.972589150524722,75
PV-T,2,ens,0.1,marginal,1,0.3532110091743119,0.6249807958211707,218
PV-T,2,ens,0.1,marginal,2,0.022317596566523604,0.08797072724500686,1165
PV-T,2,ens,0.1,mondrian,0,0.16,0.20237038584033834,75
PV-T,2,ens,0.1,mondrian,1,0.12385321100917432,0.3311312541609054,218
PV-T,2,ens,0.1,mondrian,2,0.16995708154506436,0.4107841642526808,1165
PV2BV,0,lr,0.05,marginal,0,0.5384615384615384,0.6714763329227521,845
PV2BV,0,lr,0.05,marginal,1,0.1723896285914506,0.23668020427037678,1427
PV2BV,0,lr,0.05,marginal,2,0.018525817895151755,0.03816314888762122,2537
PV2BV,0,lr,0.05,mondrian,0,0.09940828402366864,0.18212211859933133,845
PV2BV,0,lr,0.05,mondrian,1,0.03433777154870357,0.04238208211025775,1427
PV2BV,0,lr,0.05,mondrian,2,0.12416239653133622,0.20239589275527667,2537
PV2BV,0,lr,0.1,marginal,0,0.7727810650887574,0.8631004751011789,845
PV2BV,0,lr,0.1,marginal,1,0.42116327960756833,0.5109574168643692,1427
PV2BV,0,lr,0.1,marginal,2,0.07883326763894363,0.14181403308613805,2537
PV2BV,0,lr,0.1,mondrian,0,0.14792899408284024,0.2388879113144466,845
PV2BV,0,lr,0.1,mondrian,1,0.1429572529782761,0.19345369737424103,1427
PV2BV,0,lr,0.1,mondrian,2,0.19865983445013796,0.30781517398745006,2537
PV2BV,0,svm,0.05,marginal,0,0.38461538461538464,0.4612000703853599,845
PV2BV,0,svm,0.05,marginal,1,0.16047652417659425,0.20246089509027304,1427
PV2BV,0,svm,0.05,marginal,2,0.020496649586125345,0.03918996006845408,2537
PV2BV,0,svm,0.05,mondrian,0,0.05207100591715976,0.07263769136019708,845
PV2BV,0,svm,0.05,mondrian,1,0.02452697967764541,0.025051268647714023,1427
PV2BV,0,svm,0.05,mondrian,2,0.12652739456050452,0.2006845407872219,2537
PV2BV,0,svm,0.1,marginal,0,0.6579881656804734,0.7666373394333978,845
PV2BV,0,svm,0.1,marginal,1,0.3945339873861247,0.48461940568579354,1427
PV2BV,0,svm,0.1,marginal,2,0.0823807646826961,0.14751853964632058,2537
PV2BV,0,svm,0.1,mondrian,0,0.0757396449704142,0.10578919584726378,845
PV2BV,0,svm,0.1,mondrian,1,0.09530483531885074,0.1338212232096184,1427
PV2BV,0,svm,0.1,mondrian,2,0.19156484036263302,0.28796349115801484,2537
PV2BV,0,lgbm,0.05,marginal,0,0.9455621301775148,0.9686081295090622,845
PV2BV,0,lgbm,0.05,marginal,1,0.28451296426068673,0.34356025574007804,1427
PV2BV,0,lgbm,0.05,marginal,2,0.0015766653527788726,0.0011979463776383343,2537
PV2BV,0,lgbm,0.05,mondrian,0,0.040236686390532544,0.10603554460672181,845
PV2BV,0,lgbm,0.05,mondrian,1,0.2529782761037141,0.2982830029353814,1427
PV2BV,0,lgbm,0.05,mondrian,2,0.19944816712652738,0.30992584141471763,2537
PV2BV,0,lgbm,0.1,marginal,0,0.9857988165680474,0.9947562906915361,845
PV2BV,0,lgbm,0.1,marginal,1,0.6208829712683952,0.6978567694720335,1427
PV2BV,0,lgbm,0.1,marginal,2,0.02207331493890422,0.0419281232173417,2537
PV2BV,0,lgbm,0.1,mondrian,0,0.15739644970414202,0.24796762273447123,845
PV2BV,0,lgbm,0.1,mondrian,1,0.3370707778556412,0.39860870963850575,1427
PV2BV,0,lgbm,0.1,mondrian,2,0.2995664170279858,0.4396463205932687,2537
PV2BV,0,ens,0.05,marginal,0,0.8224852071005917,0.8977652648249164,845
PV2BV,0,ens,0.05,marginal,1,0.204625087596356,0.2769311190638948,1427
PV2BV,0,ens,0.05,marginal,2,0.0015766653527788726,0.005191100969766115,2537
PV2BV,0,ens,0.05,mondrian,0,0.08520710059171598,0.16339961288052085,845
PV2BV,0,ens,0.05,mondrian,1,0.08689558514365803,0.11447987454260324,1427
PV2BV,0,ens,0.05,mondrian,2,0.1541190382341348,0.25932686822589845,2537
PV2BV,0,ens,0.1,marginal,0,0.9633136094674556,0.9829315502375506,845
PV2BV,0,ens,0.1,marginal,1,0.5487035739313244,0.6652458884555068,1427
PV2BV,0,ens,0.1,marginal,2,0.03981080015766653,0.08414147176269253,2537
PV2BV,0,ens,0.1,mondrian,0,0.16094674556213018,0.27225057188104873,845
PV2BV,0,ens,0.1,mondrian,1,0.2130343377715487,0.28911496240299167,1427
PV2BV,0,ens,0.1,mondrian,2,0.27433977138352383,0.4185966913861951,2537
PV2BV,1,lr,0.05,marginal,0,0.6274271844660194,0.7355100600070597,824
PV2BV,1,lr,0.05,marginal,1,0.2247191011235955,0.3102845334604991,1424
PV2BV,1,lr,0.05,marginal,2,0.030696576151121605,0.06690880199761648,2541
PV2BV,1,lr,0.05,mondrian,0,0.02912621359223301,0.069502294387575,824
PV2BV,1,lr,0.05,mondrian,1,0.03651685393258427,0.05273406453663965,1424
PV2BV,1,lr,0.05,mondrian,2,0.10979929161747344,0.18716304409511378,2541
PV2BV,1,lr,0.1,marginal,0,0.8155339805825242,0.8788563360395341,824
PV2BV,1,lr,0.1,marginal,1,0.4529494382022472,0.5563503417580671,1424
PV2BV,1,lr,0.1,marginal,2,0.10310901219992129,0.17643720560694626,2541
PV2BV,1,lr,0.1,mondrian,0,0.08495145631067962,0.15174726438404518,824
PV2BV,1,lr,0.1,mondrian,1,0.12219101123595505,0.19178191066603084,1424
PV2BV,1,lr,0.1,mondrian,2,0.2073986619441165,0.327279950059588,2541
PV2BV,1,svm,0.05,marginal,0,0.4538834951456311,0.5325450052947406,824
PV2BV,1,svm,0.05,marginal,1,0.1853932584269663,0.26216022889842633,1424
PV2BV,1,svm,0.05,marginal,2,0.03305785123966942,0.06486578514272742,2541
PV2BV,1,svm,0.05,mondrian,0,0.03398058252427184,0.05877162019061066,824
PV2BV,1,svm,0.05,mondrian,1,0.047752808988764044,0.06998092513113972,1424
PV2BV,1,svm,0.05,mondrian,2,0.1038961038961039,0.16957039895579137,2541
PV2BV,1,svm,0.1,marginal,0,0.7305825242718447,0.7931521355453582,824
PV2BV,1,svm,0.1,marginal,1,0.4234550561797753,0.5278175170879034,1424
PV2BV,1,svm,0.1,marginal,2,0.11334120425029516,0.18392826740820611,2541
PV2BV,1,svm,0.1,mondrian,0,0.08737864077669903,0.1171902576773738,824
PV2BV,1,svm,0.1,mondrian,1,0.1404494382022472,0.19162295342552854,1424
PV2BV,1,svm,0.1,mondrian,2,0.18654073199527746,0.28863288122127007,2541
PV2BV,1,lgbm,0.05,marginal,0,0.9490291262135923,0.9751500176491352,824
PV2BV,1,lgbm,0.05,marginal,1,0.32724719101123595,0.40486409155937053,1424
PV2BV,1,lgbm,0.05,marginal,2,0.0011806375442739079,0.002156517791271778,2541
PV2BV,1,lgbm,0.05,mondrian,0,0.0,0.0007412636780797741,824
PV2BV,1,lgbm,0.05,mondrian,1,0.12570224719101122,0.15697027499602606,1424
PV2BV,1,lgbm,0.05,mondrian,2,0.18929555293191658,0.29691844957720903,2541
PV2BV,1,lgbm,0.1,marginal,0,0.9854368932038835,0.9948464525238263,824
PV2BV,1,lgbm,0.1,marginal,1,0.6383426966292135,0.718963598791925,1424
PV2BV,1,lgbm,0.1,marginal,2,0.023612750885478158,0.04642188298053459,2541
PV2BV,1,lgbm,0.1,mondrian,0,0.05218446601941747,0.11327214966466644,824
PV2BV,1,lgbm,0.1,mondrian,1,0.28441011235955055,0.35554760769353044,1424
PV2BV,1,lgbm,0.1,mondrian,2,0.28964974419519873,0.428863288122127,2541
PV2BV,1,ens,0.05,marginal,0,0.8968446601941747,0.9503706318390399,824
PV2BV,1,ens,0.05,marginal,1,0.34620786516853935,0.45580988714035925,1424
PV2BV,1,ens,0.05,marginal,2,0.010625737898465172,0.0277509789455763,2541
PV2BV,1,ens,0.05,mondrian,0,0.02912621359223301,0.06304271090716555,824
PV2BV,1,ens,0.05,mondrian,1,0.0723314606741573,0.1017723732316007,1424
PV2BV,1,ens,0.05,mondrian,2,0.14443132624950808,0.24595652914136543,2541
PV2BV,1,ens,0.1,marginal,0,0.9635922330097088,0.9879985880691846,824
PV2BV,1,ens,0.1,marginal,1,0.6481741573033708,0.7525035765379113,1424
PV2BV,1,ens,0.1,marginal,2,0.0759543486816214,0.14357868452414732,2541
PV2BV,1,ens,0.1,mondrian,0,0.08616504854368932,0.1581715495940699,824
PV2BV,1,ens,0.1,mondrian,1,0.13553370786516855,0.20402161818470832,1424
PV2BV,1,ens,0.1,mondrian,2,0.2955529319165683,0.4446966687475172,2541
PV2BV,2,lr,0.05,marginal,0,0.49459783913565425,0.6233652396479786,833
PV2BV,2,lr,0.05,marginal,1,0.14096301465457084,0.20992810956263303,1433
PV2BV,2,lr,0.05,marginal,2,0.01329683222526398,0.03380632031205834,2557
PV2BV,2,lr,0.05,mondrian,0,0.003601440576230492,0.009081028014445497,833
PV2BV,2,lr,0.05,mondrian,1,0.05931612002791347,0.09494357203100526,1433
PV2BV,2,lr,0.05,mondrian,2,0.11106765741102854,0.19724122335914976,2557
PV2BV,2,lr,0.1,marginal,0,0.7454981992797118,0.8288629430945619,833
PV2BV,2,lr,0.1,marginal,1,0.35799023028611304,0.4670468693521828,1433
PV2BV,2,lr,0.1,marginal,2,0.06804849432929214,0.12459720730397422,2557
PV2BV,2,lr,0.1,mondrian,0,0.09003601440576231,0.15637600364643595,833
PV2BV,2,lr,0.1,mondrian,1,0.1270062805303559,0.1866340013655167,1433
PV2BV,2,lr,0.1,mondrian,2,0.22721939773171684,0.35948894793374414,2557
PV2BV,2,svm,0.05,marginal,0,0.3553421368547419,0.44795063286701026,833
PV2BV,2,svm,0.05,marginal,1,0.14724354501046755,0.20691594039921282,1433
PV2BV,2,svm,0.05,marginal,2,0.01994524833789597,0.04398213579060433,2557
PV2BV,2,svm,0.05,mondrian,0,0.02040816326530612,0.03218680971915431,833
PV2BV,2,svm,0.05,mondrian,1,0.0628053035589672,0.09438130045383349,1433
PV2BV,2,svm,0.05,mondrian,2,0.10715682440359797,0.17898128780598113,2557
PV2BV,2,svm,0.1,marginal,0,0.6242496998799519,0.7215385154798218,833
PV2BV,2,svm,0.1,marginal,1,0.3342637822749477,0.4457207116751677,1433
PV2BV,2,svm,0.1,marginal,2,0.07860774344935471,0.1351122166318051,2557
PV2BV,2,svm,0.1,mondrian,0,0.055222088835534214,0.08558605939483188,833
PV2BV,2,svm,0.1,mondrian,1,0.1360781577110956,0.1924173661592835,1433
PV2BV,2,svm,0.1,mondrian,2,0.20962064919827925,0.3246650460738312,2557
PV2BV,2,lgbm,0.05,marginal,0,0.8823529411764706,0.9145541881420708,833
PV2BV,2,lgbm,0.05,marginal,1,0.17306350314026517,0.22133419012811759,1433
PV2BV,2,lgbm,0.05,marginal,2,0.0011732499022291747,0.0017525015546384758,2557
PV2BV,2,lgbm,0.05,mondrian,0,0.10084033613445378,0.17867536201395462,833
PV2BV,2,lgbm,0.05,mondrian,1,0.13677599441730634,0.17575003012169163,1433
PV2BV,2,lgbm,0.05,mondrian,2,0.19006648416112631,0.3046526089660241,2557
PV2BV,2,lgbm,0.1,marginal,0,0.9627851140456183,0.9825742435398478,833
PV2BV,2,lgbm,0.1,marginal,1,0.5003489183531054,0.5814691353066388,1433
PV2BV,2,lgbm,0.1,marginal,2,0.017207665232694565,0.03267567414777545,2557
PV2BV,2,lgbm,0.1,mondrian,0,0.1332533013205282,0.2193822095999439,833
PV2BV,2,lgbm,0.1,mondrian,1,0.2812281926029309,0.3496525964898189,1433
PV2BV,2,lgbm,0.1,mondrian,2,0.2843175596402034,0.42676239470857597,2557
PV2BV,2,ens,0.05,marginal,0,0.78031212484994,0.8667648399424985,833
PV2BV,2,ens,0.05,marginal,1,0.17585484996510817,0.2570785975340375,1433
PV2BV,2,ens,0.05,marginal,2,0.004301916308173641,0.009271298547119678,2557
PV2BV,2,ens,0.05,mondrian,0,0.006002400960384154,0.018968479366081134,833
PV2BV,2,ens,0.05,mondrian,1,0.09909281228192603,0.14908229246154464,1433
PV2BV,2,ens,0.05,mondrian,2,0.14626515447790378,0.2503250607722313,2557
PV2BV,2,ens,0.1,marginal,0,0.9339735894357744,0.9702675221766418,833
PV2BV,2,ens,0.1,marginal,1,0.5003489183531054,0.6320735772520985,1433
PV2BV,2,ens,0.1,marginal,2,0.04067266327727806,0.08960370851941885,2557
PV2BV,2,ens,0.1,mondrian,0,0.08883553421368548,0.17019038603134531,833
PV2BV,2,ens,0.1,mondrian,1,0.15212840195394278,0.21707699104381703,1433
PV2BV,2,ens,0.1,mondrian,2,0.27375831052014077,0.42851489626321443,2557
PV2DV,0,lr,0.05,marginal,0,0.5016556291390728,0.6538800500950879,1208
PV2DV,0,lr,0.05,marginal,1,0.1542406311637081,0.2636004295473759,2535
PV2DV,0,lr,0.05,marginal,2,0.017510347023241005,0.05349375092834256,6282
PV2DV,0,lr,0.05,mondrian,0,0.13079470198675497,0.2347279558421077,1208
PV2DV,0,lr,0.05,mondrian,1,0.035897435897435895,0.06399798935270866,2535
PV2DV,0,lr,0.05,mondrian,2,0.09614772365488698,0.2123623400598383,6282
PV2DV,0,lr,0.1,marginal,0,0.7061258278145696,0.8358458184516907,1208
PV2DV,0,lr,0.1,marginal,1,0.3289940828402367,0.49905179701601665,2535
PV2DV,0,lr,0.1,marginal,2,0.062400509391913404,0.1549005877734632,6282
PV2DV,0,lr,0.1,mondrian,0,0.15811258278145696,0.286516072174034,1208
PV2DV,0,lr,0.1,mondrian,1,0.12938856015779093,0.2212397468412274,2535
PV2DV,0,lr,0.1,mondrian,2,0.15329512893982808,0.30307467057101023,6282
PV2DV,0,svm,0.05,marginal,0,0.37251655629139074,0.5110626652442135,1208
PV2DV,0,svm,0.05,marginal,1,0.15226824457593688,0.24456782507368566,2535
PV2DV,0,svm,0.05,marginal,2,0.019261381725565106,0.05393935535892376,6282
PV2DV,0,svm,0.05,mondrian,0,0.08940397350993377,0.13423628183125377,1208
PV2DV,0,svm,0.05,mondrian,1,0.0252465483234714,0.04240637923549707,2535
PV2DV,0,svm,0.05,mondrian,2,0.10156001273479784,0.21399622297196935,6282
PV2DV,0,svm,0.1,marginal,0,0.6423841059602649,0.7659910014379145,1208
PV2DV,0,svm,0.1,marginal,1,0.336094674556213,0.4948020197865972,2535
PV2DV,0,svm,0.1,marginal,2,0.07242916268704234,0.16406730748827636,6282
PV2DV,0,svm,0.1,mondrian,0,0.11423841059602649,0.1741963912982977,1208
PV2DV,0,svm,0.1,mondrian,1,0.10690335305719921,0.17490346608175109,2535
PV2DV,0,svm,0.1,mondrian,2,0.15409105380452084,0.2911706664969126,6282
PV2DV,0,lgbm,0.05,marginal,0,0.8874172185430463,0.9458694744654205,1208
PV2DV,0,lgbm,0.05,marginal,1,0.1289940828402367,0.23362350629469691,2535
PV2DV,0,lgbm,0.05,marginal,2,0.0,0.0019521717911176184,6282
PV2DV,0,lgbm,0.05,mondrian,0,0.06870860927152318,0.11614638897908067,1208
PV2DV,0,lgbm,0.05,mondrian,1,0.10216962524654832,0.1907601617657139,2535
PV2DV,0,lgbm,0.05,mondrian,2,0.12129894937917861,0.2598510408046343,6282
PV2DV,0,lgbm,0.1,marginal,0,0.9652317880794702,0.9896099076951621,1208
PV2DV,0,lgbm,0.1,marginal,1,0.4287968441814596,0.5994242237302077,2535
PV2DV,0,lgbm,0.1,marginal,2,0.010824578159821713,0.03136206420947652,6282
PV2DV,0,lgbm,0.1,mondrian,0,0.14486754966887416,0.2532584999304235,1208
PV2DV,0,lgbm,0.1,mondrian,1,0.1652859960552268,0.28526058445861036,2535
PV2DV,0,lgbm,0.1,mondrian,2,0.1981852913085005,0.3765357438411102,6282
PV2DV,0,ens,0.05,marginal,0,0.722682119205298,0.8588292592420799,1208
PV2DV,0,ens,0.05,marginal,1,0.12465483234714005,0.23572554664473233,2535
PV2DV,0,ens,0.05,marginal,2,0.001591849729385546,0.010291340420565705,6282
PV2DV,0,ens,0.05,mondrian,0,0.09685430463576158,0.1965536434899578,1208
PV2DV,0,ens,0.05,mondrian,1,0.04694280078895464,0.10261155665227226,2535
PV2DV,0,ens,0.05,mondrian,2,0.10187838268067495,0.23735862668958346,6282
PV2DV,0,ens,0.1,marginal,0,0.9188741721854304,0.967948420613201,1208
PV2DV,0,ens,0.1,marginal,1,0.3905325443786982,0.5948317225306738,2535
PV2DV,0,ens,0.1,marginal,2,0.027698185291308502,0.08839943132386954,6282
PV2DV,0,ens,0.1,mondrian,0,0.15562913907284767,0.28895125005798045,1208
PV2DV,0,ens,0.1,mondrian,1,0.13057199211045364,0.24605296227751502,2535
PV2DV,0,ens,0.1,mondrian,2,0.18354027379815346,0.372843592844866,6282
PV2DV,1,lr,0.05,marginal,0,0.5636658556366586,0.712630601346645,1233
PV2DV,1,lr,0.05,marginal,1,0.19696364362764682,0.32969312844831516,2503
PV2DV,1,lr,0.05,marginal,2,0.026975563313233895,0.08055502836296155,6302
PV2DV,1,lr,0.05,mondrian,0,0.055150040551500405,0.11035523566287439,1233
PV2DV,1,lr,0.05,mondrian,1,0.0351578106272473,0.07607952213761342,2503
PV2DV,1,lr,0.05,mondrian,2,0.08457632497619803,0.1929735771071888,6302
PV2DV,1,lr,0.1,marginal,0,0.7283049472830495,0.8535407476201532,1233
PV2DV,1,lr,0.1,marginal,1,0.36875749101078703,0.5386667274634079,2503
PV2DV,1,lr,0.1,marginal,2,0.07981593145033322,0.1837160751565762,6302
PV2DV,1,lr,0.1,mondrian,0,0.0989456609894566,0.19563501276990944,1233
PV2DV,1,lr,0.1,mondrian,1,0.1334398721534159,0.22123934157129177,2503
PV2DV,1,lr,0.1,mondrian,2,0.16232941923198985,0.31214019105459606,6302
PV2DV,1,svm,0.05,marginal,0,0.4444444444444444,0.5693754353378222,1233
PV2DV,1,svm,0.05,marginal,1,0.19017179384738314,0.2990743696137887,2503
PV2DV,1,svm,0.05,marginal,2,0.02856236115518883,0.07602117205457498,6302
PV2DV,1,svm,0.05,mondrian,0,0.0575831305758313,0.10622242860459717,1233
PV2DV,1,svm,0.05,mondrian,1,0.052736715940870954,0.10314167160640189,2503
PV2DV,1,svm,0.05,mondrian,2,0.07981593145033322,0.17696800995339618,6302
PV2DV,1,svm,0.1,marginal,0,0.6723438767234388,0.786951474344091,1233
PV2DV,1,svm,0.1,marginal,1,0.3847383140231722,0.5352697095435685,2503
PV2DV,1,svm,0.1,marginal,2,0.08711520152332593,0.18896691339280067,6302
PV2DV,1,svm,0.1,mondrian,0,0.10867802108678021,0.18432783840260042,1233
PV2DV,1,svm,0.1,mondrian,1,0.1418298042349181,0.23259313300807077,2503
PV2DV,1,svm,0.1,mondrian,2,0.14773087908600444,0.2839037557200396,6302
PV2DV,1,lgbm,0.05,marginal,0,0.8888888888888888,0.9544462502902252,1233
PV2DV,1,lgbm,0.05,marginal,1,0.20735117858569715,0.3245406046235922,2503
PV2DV,1,lgbm,0.05,marginal,2,0.00031735956839098697,0.0025937875624723224,6302
PV2DV,1,lgbm,0.05,mondrian,0,0.0032441200324412004,0.003482702577199907,1233
PV2DV,1,lgbm,0.05,mondrian,1,0.04434678385936876,0.09630203821075191,2503
PV2DV,1,lgbm,0.05,mondrian,2,0.13265629958743255,0.2738238333227895,6302
PV2DV,1,lgbm,0.1,marginal,0,0.9651257096512571,0.9890178778732296,1233
PV2DV,1,lgbm,0.1,marginal,1,0.48421893727526966,0.6546213122976609,2503
PV2DV,1,lgbm,0.1,marginal,2,0.014598540145985401,0.043693722190590666,6302
PV2DV,1,lgbm,0.1,mondrian,0,0.08921330089213302,0.14239609937311354,1233
PV2DV,1,lgbm,0.1,mondrian,1,0.1713943268078306,0.27365373215995625,2503
PV2DV,1,lgbm,0.1,mondrian,2,0.21072675341161537,0.3909871154130027,6302
PV2DV,1,ens,0.05,marginal,0,0.8183292781832928,0.9235662874390527,1233
PV2DV,1,ens,0.05,marginal,1,0.24770275669196964,0.4142309972185491,2503
PV2DV,1,ens,0.05,marginal,2,0.008092668993970167,0.035427342316695136,6302
PV2DV,1,ens,0.05,mondrian,0,0.0454176804541768,0.09698165776642674,1233
PV2DV,1,ens,0.05,mondrian,1,0.03875349580503396,0.1025033058228079,2503
PV2DV,1,ens,0.05,mondrian,2,0.1026658203744843,0.23605575588874128,6302
PV2DV,1,ens,0.1,marginal,0,0.916463909164639,0.976967726956118,1233
PV2DV,1,ens,0.1,marginal,1,0.5069916100679185,0.6964342711230678,2503
PV2DV,1,ens,0.1,marginal,2,0.05284036813709933,0.14833090824740094,6302
PV2DV,1,ens,0.1,mondrian,0,0.09732360097323602,0.18655676805200835,1233
PV2DV,1,ens,0.1,mondrian,1,0.10507391130643227,0.1935388263189093,2503
PV2DV,1,ens,0.1,mondrian,2,0.20993335449063788,0.4099660487969465,6302
PV2DV,2,lr,0.05,marginal,0,0.4619246861924686,0.6222616242446866,1195
PV2DV,2,lr,0.05,marginal,1,0.1330184966548603,0.24041947771811464,2541
PV2DV,2,lr,0.05,marginal,2,0.0147247119078105,0.04538768648875814,6248
PV2DV,2,lr,0.05,mondrian,0,0.014225941422594143,0.025849800527261275,1195
PV2DV,2,lr,0.05,mondrian,1,0.05391578118850846,0.12118500160631511,2541
PV2DV,2,lr,0.05,mondrian,2,0.09186939820742637,0.20300483294809835,6248
PV2DV,2,lr,0.1,marginal,0,0.6861924686192469,0.8111891374845438,1195
PV2DV,2,lr,0.1,marginal,1,0.29515938606847697,0.46062233236954425,2541
PV2DV,2,lr,0.1,marginal,2,0.05457746478873239,0.1376129438957764,6248
PV2DV,2,lr,0.1,mondrian,0,0.11631799163179916,0.1989828056832233,1195
PV2DV,2,lr,0.1,mondrian,1,0.11176702085792994,0.2165083298912295,2541
PV2DV,2,lr,0.1,mondrian,2,0.1806978233034571,0.34000840512712754,6248
PV2DV,2,svm,0.05,marginal,0,0.3899581589958159,0.5054009285397663,1195
PV2DV,2,svm,0.05,marginal,1,0.14639905548996457,0.24987378952682546,2541
PV2DV,2,svm,0.05,marginal,2,0.019846350832266324,0.05469636478251733,6248
PV2DV,2,svm,0.05,mondrian,0,0.05439330543933055,0.07050369782796351,1195
PV2DV,2,svm,0.05,mondrian,1,0.07201889020070838,0.1304786819037129,2541
PV2DV,2,svm,0.05,mondrian,2,0.0851472471190781,0.18724521958394622,6248
PV2DV,2,svm,0.1,marginal,0,0.6117154811715482,0.7326132095280312,1195
PV2DV,2,svm,0.1,marginal,1,0.31641086186540734,0.463008857680481,2541
PV2DV,2,svm,0.1,marginal,2,0.06418053777208707,0.14746795545282623,6248
PV2DV,2,svm,0.1,mondrian,0,0.10794979079497909,0.14679327158621655,1195
PV2DV,2,svm,0.1,mondrian,1,0.1357733175914994,0.234935058974712,2541
PV2DV,2,svm,0.1,mondrian,2,0.16917413572343148,0.3161168312670729,6248
PV2DV,2,lgbm,0.05,marginal,0,0.7447698744769874,0.868114690992231,1195
PV2DV,2,lgbm,0.05,marginal,1,0.0739866194411649,0.1524163568773234,2541
PV2DV,2,lgbm,0.05,marginal,2,0.0003201024327784891,0.0033620508510191216,6248
PV2DV,2,lgbm,0.05,mondrian,0,0.07615062761506276,0.14735319506334135,1195
PV2DV,2,lgbm,0.05,mondrian,1,0.050373868555686735,0.11638900362568268,2541
PV2DV,2,lgbm,0.05,mondrian,2,0.13188220230473752,0.2749317083420887,6248
PV2DV,2,lgbm,0.1,marginal,0,0.9221757322175732,0.9670345052842778,1195
PV2DV,2,lgbm,0.1,marginal,1,0.33451397087760726,0.5024553673872137,2541
PV2DV,2,lgbm,0.1,marginal,2,0.008642765685019206,0.03502836730405547,6248
PV2DV,2,lgbm,0.1,mondrian,0,0.10460251046025104,0.1833982689032499,1195
PV2DV,2,lgbm,0.1,mondrian,1,0.14403778040141677,0.26329799440084445,2541
PV2DV,2,lgbm,0.1,mondrian,2,0.20982714468629962,0.3919731035931919,6248
PV2DV,2,ens,0.05,marginal,0,0.6803347280334728,0.8291533490422975,1195
PV2DV,2,ens,0.05,marginal,1,0.11570247933884298,0.23766579466703383,2541
PV2DV,2,ens,0.05,marginal,2,0.003681177976952625,0.015213280100861525,6248
PV2DV,2,ens,0.05,mondrian,0,0.023430962343096235,0.04057112194666729,1195
PV2DV,2,ens,0.05,mondrian,1,0.06099960645415191,0.1473449905915829,2541
PV2DV,2,ens,0.05,mondrian,2,0.10499359795134443,0.2409329691111578,6248
PV2DV,2,ens,0.1,marginal,0,0.8719665271966527,0.9524764948790332,1195
PV2DV,2,ens,0.1,marginal,1,0.37662337662337664,0.5768736518426729,2541
PV2DV,2,ens,0.1,marginal,2,0.029609475032010245,0.09905442319815087,6248
PV2DV,2,ens,0.1,mondrian,0,0.09790794979079498,0.18398152252525488,1195
PV2DV,2,ens,0.1,mondrian,1,0.09327036599763873,0.20457570333654596,2541
PV2DV,2,ens,0.1,mondrian,2,0.2000640204865557,0.39489388527001473,6248
