scenario,seed,model,method,ece,brier,mean_p,base
BV2PV,0,lr,platt,0.03239448501482468,0.03338117681693941,0.05909185054581905,0.02682299754978086
BV2PV,0,lr,isotonic,0.03293411714046049,0.03287253503656162,0.05940499454849069,0.02682299754978086
BV2PV,0,lr,raw,0.021246174605199116,0.0329010145834331,0.040056769979017574,0.02682299754978086
BV2PV,0,svm,platt,0.030841841268709296,0.03302556865454067,0.05766483881849016,0.02682299754978086
BV2PV,0,svm,isotonic,0.03432163959462385,0.032535207407700925,0.06003340140489591,0.02682299754978086
BV2PV,0,lgbm,platt,0.03229928395349703,0.03099610748129737,0.0591222815032779,0.02682299754978086
BV2PV,0,lgbm,isotonic,0.032954607440485395,0.030661786777251523,0.05953290664087411,0.02682299754978086
BV2PV,0,lgbm,raw,0.025657104398619214,0.029832308242406635,0.052480101948400075,0.02682299754978086
BV2PV,1,lr,platt,0.029583808698363034,0.03300219196006776,0.05599082528196872,0.02660731013501319
BV2PV,1,lr,isotonic,0.03193355394455737,0.03228728955527179,0.05680635402503802,0.02660731013501319
BV2PV,1,lr,raw,0.019934817551622047,0.032336483595612295,0.040183763417039726,0.02660731013501319
BV2PV,1,svm,platt,0.02762392005741242,0.03222389350626668,0.05423123019242561,0.02660731013501319
BV2PV,1,svm,isotonic,0.03286469662288534,0.03173145812854922,0.057481826581404855,0.02660731013501319
BV2PV,1,lgbm,platt,0.030889682411993344,0.0312759163922136,0.05749699254700654,0.02660731013501319
BV2PV,1,lgbm,isotonic,0.03219725403860152,0.03092699698321453,0.05804172707243356,0.02660731013501319
BV2PV,1,lgbm,raw,0.025439899843364568,0.03029926365629566,0.05204720997837776,0.02660731013501319
BV2PV,2,lr,platt,0.02929351069285524,0.03365201222454564,0.055809838116659606,0.026899688194456407
BV2PV,2,lr,isotonic,0.030150711745610285,0.03321136408608548,0.05605035146590738,0.026899688194456407
BV2PV,2,lr,raw,0.020045638029239296,0.032751890399509404,0.040375040762846176,0.026899688194456407
BV2PV,2,svm,platt,0.027783843203384527,0.03314085674737689,0.05468353139784093,0.026899688194456407
BV2PV,2,svm,isotonic,0.03155552337243924,0.03258361987691498,0.05669232139900221,0.026899688194456407
BV2PV,2,lgbm,platt,0.029646138068677733,0.03173059595653601,0.05640591588738734,0.026899688194456407
BV2PV,2,lgbm,isotonic,0.03069406401861969,0.031461297606538714,0.05694659310714187,0.026899688194456407
BV2PV,2,lgbm,raw,0.024188351669247474,0.030402855578160613,0.0509279706547021,0.026899688194456407
DV2PV,0,lr,platt,0.02202390660296478,0.0223471831326477,0.04444198095682761,0.022418074353862835
DV2PV,0,lr,isotonic,0.02301955876752884,0.02268153932847647,0.04534922104709825,0.022418074353862835
DV2PV,0,lr,raw,0.030124083835293393,0.030116632067085272,0.051573690884429806,0.022418074353862835
DV2PV,0,svm,platt,0.022609419085662018,0.022229324030249235,0.04502749343952485,0.022418074353862835
DV2PV,0,svm,isotonic,0.023791449850161593,0.02239600170581974,0.046160862329166226,0.022418074353862835
DV2PV,0,lgbm,platt,0.02477320252650459,0.021969004261856623,0.04719127688036743,0.022418074353862835
DV2PV,0,lgbm,isotonic,0.025128437139557,0.022028707252311285,0.047546511493419825,0.022418074353862835
DV2PV,0,lgbm,raw,0.05251980230871523,0.026242586648670654,0.07493787666257808,0.022418074353862835
DV2PV,1,lr,platt,0.021341594873392572,0.022509141637679805,0.0440708544240526,0.022729259550660023
DV2PV,1,lr,isotonic,0.022643611959733738,0.022825582521704982,0.045372871510393764,0.022729259550660023
DV2PV,1,lr,raw,0.029237459483646026,0.029985995016086342,0.0517178774852157,0.022729259550660023
DV2PV,1,svm,platt,0.021976733626726593,0.022554838686271856,0.04470599317738661,0.022729259550660023
DV2PV,1,svm,isotonic,0.023264681033659747,0.022593632594224096,0.04599394058431977,0.022729259550660023
DV2PV,1,lgbm,platt,0.024532337928399116,0.022365690517958343,0.04726159747905914,0.022729259550660023
DV2PV,1,lgbm,isotonic,0.024832952485243212,0.0223234605958415,0.04756221203590324,0.022729259550660023
DV2PV,1,lgbm,raw,0.05307658645697025,0.026450816604977348,0.07580584600763028,0.022729259550660023
DV2PV,2,lr,platt,0.021802221466872117,0.02241814424421014,0.04428763468641404,0.022485413219541932
DV2PV,2,lr,isotonic,0.023138422161468983,0.022647885329450057,0.04562383538101092,0.022485413219541932
DV2PV,2,lr,raw,0.02909786024235261,0.030065337362339906,0.05128614283646934,0.022485413219541932
DV2PV,2,svm,platt,0.02241997358310212,0.02231190046808962,0.04490538680264405,0.022485413219541932
DV2PV,2,svm,isotonic,0.024115174245703294,0.022362608289998052,0.04660058746524523,0.022485413219541932
DV2PV,2,lgbm,platt,0.02490475174479728,0.022076480951152343,0.04739016496433921,0.022485413219541932
DV2PV,2,lgbm,isotonic,0.025457091287727916,0.022089428723042464,0.04794250450726985,0.022485413219541932
DV2PV,2,lgbm,raw,0.05199551564204104,0.026433247404852953,0.07448092886158296,0.022485413219541932
PV-P,0,lr,platt,0.006858183722638623,0.02160270285366808,0.019698666326505437,0.022803502199764777
PV-P,0,lr,isotonic,0.004429230640660927,0.02150504859203246,0.01989621704398803,0.022803502199764777
PV-P,0,lr,raw,0.01428565373612323,0.021854857413937626,0.008517848463641547,0.022803502199764777
PV-P,0,svm,platt,0.009217858084387251,0.02172727974818841,0.020891060962102238,0.022803502199764777
PV-P,0,svm,isotonic,0.010023843978759132,0.02152470179421312,0.021332726903150013,0.022803502199764777
PV-P,0,lgbm,platt,0.003241876811544107,0.02128555361521966,0.020310905643705416,0.022803502199764777
PV-P,0,lgbm,isotonic,0.0033074359870070616,0.02129029497659802,0.020603464092965332,0.022803502199764777
PV-P,0,lgbm,raw,0.0031711842939472048,0.021287928330738132,0.020096873049400676,0.022803502199764777
PV-P,1,lr,platt,0.006066664347241528,0.02273211176433205,0.021058913418653777,0.023964359928839454
PV-P,1,lr,isotonic,0.002848137876044545,0.022658799212279285,0.022932717088842963,0.023964359928839454
PV-P,1,lr,raw,0.015243111697144342,0.02310733667619069,0.008721248231695112,0.023964359928839454
PV-P,1,svm,platt,0.00925453495497191,0.022881795285399655,0.02148376189231292,0.023964359928839454
PV-P,1,svm,isotonic,0.009549972207778219,0.022692527161831906,0.023978954646738423,0.023964359928839454
PV-P,1,lgbm,platt,0.0028319506277239876,0.02251738297702022,0.021311521276640703,0.023964359928839454
PV-P,1,lgbm,isotonic,0.005046674879856301,0.022527501336701946,0.021999687708692792,0.023964359928839454
PV-P,1,lgbm,raw,0.004647434926493364,0.022539581354946714,0.019379937420431186,0.023964359928839454
PV-P,2,lr,platt,0.007403367884802194,0.022562517097846863,0.020999057597825485,0.023844415531055263
PV-P,2,lr,isotonic,0.005924663975880083,0.022477549394186842,0.02275795523459873,0.023844415531055263
PV-P,2,lr,raw,0.01410661750370466,0.02292186371908015,0.009737798027350603,0.023844415531055263
PV-P,2,svm,platt,0.009331344344797763,0.02271028894989072,0.021430913697500758,0.023844415531055263
PV-P,2,svm,isotonic,0.004613655757468165,0.022530507244586127,0.023104014572258667,0.023844415531055263
PV-P,2,lgbm,platt,0.0031912148161877285,0.02229765478629066,0.021917955416357503,0.023844415531055263
PV-P,2,lgbm,isotonic,0.003436386706239972,0.02228295656470352,0.022665935793225532,0.023844415531055263
PV-P,2,lgbm,raw,0.0036861670324869586,0.022320049866792303,0.02077961959158333,0.023844415531055263
PV-R,0,lr,platt,0.005285620006082145,0.024674091673692954,0.02613041973325651,0.026291388747644542
PV-R,0,lr,isotonic,0.003979842153670425,0.024057267686521364,0.026253484666245358,0.026291388747644542
PV-R,0,lr,raw,0.01863084126043027,0.028653231780118266,0.02315095786886369,0.026291388747644542
PV-R,0,svm,platt,0.008515174474482487,0.024603184455450608,0.02615918538494717,0.026291388747644542
PV-R,0,svm,isotonic,0.004279340012353172,0.024103077726216986,0.02622635030395688,0.026291388747644542
PV-R,0,lgbm,platt,0.002003310532956369,0.023792262320341012,0.026020055367933597,0.026291388747644542
PV-R,0,lgbm,isotonic,0.0038345359100470195,0.023755909911535037,0.026158924161464456,0.026291388747644542
PV-R,0,lgbm,raw,0.0023912563308808024,0.023804088355122436,0.025046677053113565,0.026291388747644542
PV-R,1,lr,platt,0.00691616978970761,0.024765155547198395,0.02380317201952935,0.026250827864410863
PV-R,1,lr,isotonic,0.002850968296750183,0.02413021214215168,0.0238426381886293,0.026250827864410863
PV-R,1,lr,raw,0.01850715598800367,0.02896249295937983,0.02292706877190166,0.026250827864410863
PV-R,1,svm,platt,0.009845966581244257,0.024924439490941835,0.023733865252004403,0.026250827864410863
PV-R,1,svm,isotonic,0.004798762836128926,0.024237774996621334,0.023987302895797695,0.026250827864410863
PV-R,1,lgbm,platt,0.004036196455135261,0.024150681067767528,0.02386928307536391,0.026250827864410863
PV-R,1,lgbm,isotonic,0.0026700949838254894,0.023986183604241304,0.024020538054593064,0.026250827864410863
PV-R,1,lgbm,raw,0.003930864503525832,0.024219517753965653,0.025276065425876574,0.026250827864410863
PV-R,2,lr,platt,0.006784766723402091,0.024874355731834608,0.02325799120717201,0.02660509459258156
PV-R,2,lr,isotonic,0.004679808704727875,0.02449932898140644,0.023613515872171736,0.02660509459258156
PV-R,2,lr,raw,0.018312870150010107,0.028558743762369356,0.022069146904678396,0.02660509459258156
PV-R,2,svm,platt,0.010138788690973649,0.02485418748291,0.023067731333215605,0.02660509459258156
PV-R,2,svm,isotonic,0.005636504635659916,0.0244468473182174,0.023448056127820447,0.02660509459258156
PV-R,2,lgbm,platt,0.004690474866442667,0.024288978323260445,0.023256726054260813,0.02660509459258156
PV-R,2,lgbm,isotonic,0.0060183232434093325,0.024223595226676175,0.023390517067301136,0.02660509459258156
PV-R,2,lgbm,raw,0.0028606891803564668,0.024327153055430494,0.025014743477676623,0.02660509459258156
PV-T,0,lr,platt,0.009021430338774089,0.023679864053363805,0.022653390778384005,0.024984149288003153
PV-T,0,lr,isotonic,0.0074674407026196305,0.02355519868490823,0.0244059182896848,0.024984149288003153
PV-T,0,lr,raw,0.014242180482565859,0.02413616509812804,0.010741968805437298,0.024984149288003153
PV-T,0,svm,platt,0.011880614662842211,0.023778416600880894,0.023341984489343423,0.024984149288003153
PV-T,0,svm,isotonic,0.00612904590231785,0.02351233081332844,0.025941408050567227,0.024984149288003153
PV-T,0,lgbm,platt,0.0026659466668907555,0.023147457105177176,0.025699181126496468,0.024984149288003153
PV-T,0,lgbm,isotonic,0.004154256846783863,0.023144327556072226,0.026544485722236968,0.024984149288003153
PV-T,0,lgbm,raw,0.0027102606601131646,0.02315178272968536,0.024928253739358915,0.024984149288003153
PV-T,1,lr,platt,0.008289877990131637,0.023659689143575233,0.022363627404096125,0.024984149288003153
PV-T,1,lr,isotonic,0.0028507076134072786,0.023495332884272576,0.024408040044052216,0.024984149288003153
PV-T,1,lr,raw,0.014054838135396892,0.024107264712765336,0.010929311152606265,0.024984149288003153
PV-T,1,svm,platt,0.011455403308544393,0.023749362924164474,0.023043080533033007,0.024984149288003153
PV-T,1,svm,isotonic,0.0075971649555769015,0.023476592832454662,0.025979136957247916,0.024984149288003153
PV-T,1,lgbm,platt,0.0036042194201829315,0.023272906904064805,0.02541027194212764,0.024984149288003153
PV-T,1,lgbm,isotonic,0.005617428359788431,0.02326287575977606,0.025875205848838644,0.024984149288003153
PV-T,1,lgbm,raw,0.003643497432285915,0.023264489024570945,0.025478905833635292,0.024984149288003153
PV-T,2,lr,platt,0.009053917027417285,0.02368277762838402,0.023099909860454775,0.024984149288003153
PV-T,2,lr,isotonic,0.005011437485272218,0.023520128429569714,0.02523389422353671,0.024984149288003153
PV-T,2,lr,raw,0.01446986789973458,0.024139946636780277,0.010514281388268574,0.024984149288003153
PV-T,2,svm,platt,0.01231292060466874,0.023781662157666677,0.023983920353969887,0.024984149288003153
PV-T,2,svm,isotonic,0.008065066106827052,0.023528744042340774,0.026623233149544626,0.024984149288003153
PV-T,2,lgbm,platt,0.0035115934335538195,0.0232264509171441,0.025215269907463807,0.024984149288003153
PV-T,2,lgbm,isotonic,0.006313749967150707,0.023282030837289223,0.026161639655102067,0.024984149288003153
PV-T,2,lgbm,raw,0.0035789213709337226,0.02324117190812901,0.023749252071197883,0.024984149288003153
PV2BV,0,lr,platt,0.048757153517744733,0.06391510019892223,0.01915314670537499,0.06791030022311972
PV2BV,0,lr,isotonic,0.04871065048401611,0.06350562406659044,0.01919964973910361,0.06791030022311972
PV2BV,0,lr,raw,0.05638433970980119,0.06451600658029763,0.011525960513318527,0.06791030022311972
PV2BV,0,svm,platt,0.047889621270553705,0.06406308669088429,0.020020678952566023,0.06791030022311972
PV2BV,0,svm,isotonic,0.04784112266275635,0.06351474350800249,0.02006917756036337,0.06791030022311972
PV2BV,0,lgbm,platt,0.05096680823099906,0.06348867563455825,0.016943491992120665,0.06791030022311972
PV2BV,0,lgbm,isotonic,0.05112359767821445,0.06341600910465285,0.01678670254490527,0.06791030022311972
PV2BV,0,lgbm,raw,0.049000029484009916,0.06307583475167296,0.018910270739109804,0.06791030022311972
PV2BV,1,lr,platt,0.04811889787954646,0.06338273618464821,0.019222731875076338,0.0673416297546228
PV2BV,1,lr,isotonic,0.04795914304436967,0.06295210124929418,0.019382486710253125,0.0673416297546228
PV2BV,1,lr,raw,0.055865881777541676,0.06404355395680476,0.011475747977081115,0.0673416297546228
PV2BV,1,svm,platt,0.046913499665506155,0.0635463663878363,0.020428130089116637,0.0673416297546228
PV2BV,1,svm,isotonic,0.0471296709405349,0.06299443690229284,0.020211958814087896,0.0673416297546228
PV2BV,1,lgbm,platt,0.04986651095346238,0.06287071897225616,0.01747511880116042,0.0673416297546228
PV2BV,1,lgbm,isotonic,0.04997159395890502,0.06280418889691598,0.01737003579571778,0.0673416297546228
PV2BV,1,lgbm,raw,0.04796230729969224,0.062469715523676556,0.01937932245493056,0.0673416297546228
PV2BV,2,lr,platt,0.04810341522605083,0.0637324637230846,0.019722035842027762,0.06782545106807858
PV2BV,2,lr,isotonic,0.04792273274981847,0.06334220345594008,0.01990271831826011,0.06782545106807858
PV2BV,2,lr,raw,0.0563986509511927,0.064478024882431,0.011426800116885884,0.06782545106807858
PV2BV,2,svm,platt,0.04709473320453168,0.0639117824975638,0.020730717863546896,0.06782545106807858
PV2BV,2,svm,isotonic,0.047053241714213996,0.06336349112133376,0.020772209353864594,0.06782545106807858
PV2BV,2,lgbm,platt,0.05001780721197556,0.06336435502945931,0.017807643856103013,0.06782545106807858
PV2BV,2,lgbm,isotonic,0.05006467620846616,0.06325672645217703,0.017760774859612416,0.06782545106807858
PV2BV,2,lgbm,raw,0.04902354256678367,0.06302856611950805,0.018801908501294907,0.06782545106807858
PV2DV,0,lr,platt,0.05127088706717903,0.06947843513562806,0.02353584665815901,0.07480673372533803
PV2DV,0,lr,isotonic,0.04961796535804228,0.06864942398066094,0.02518876836729575,0.07480673372533803
PV2DV,0,lr,raw,0.055984770306838225,0.07074024207191659,0.0188219634184998,0.07480673372533803
PV2DV,0,svm,platt,0.05134714671750429,0.06977216939155365,0.023459587007833745,0.07480673372533803
PV2DV,0,svm,isotonic,0.049360495142705074,0.06867911832857405,0.025446238582632962,0.07480673372533803
PV2DV,0,lgbm,platt,0.05017219185219926,0.06861076413591455,0.024634541873138772,0.07480673372533803
PV2DV,0,lgbm,isotonic,0.04990594106141602,0.06843595015833105,0.02490079266392201,0.07480673372533803
PV2DV,0,lgbm,raw,0.047098655796300265,0.06811444457818752,0.027708077929037768,0.07480673372533803
PV2DV,1,lr,platt,0.0508839206763667,0.0693409767601385,0.023829706857071333,0.07471362753343803
PV2DV,1,lr,isotonic,0.048923699621832226,0.06846410955321837,0.025789927911605802,0.07471362753343803
PV2DV,1,lr,raw,0.05560389727555003,0.070644872691478,0.019109730257888004,0.07471362753343803
PV2DV,1,svm,platt,0.05060403282822089,0.06964432009572263,0.024109594705217147,0.07471362753343803
PV2DV,1,svm,isotonic,0.049301440437255095,0.06850828965380036,0.026071465615183483,0.07471362753343803
PV2DV,1,lgbm,platt,0.04987073043177649,0.06850892053489277,0.024842897101661543,0.07471362753343803
PV2DV,1,lgbm,isotonic,0.049364173528545045,0.06824691337780887,0.02534945400489299,0.07471362753343803
PV2DV,1,lgbm,raw,0.046927024411394416,0.06802673039080273,0.027786603122043625,0.07471362753343803
PV2DV,2,lr,platt,0.05009891022698508,0.06906385279805415,0.024391319645208662,0.07449022987219375
PV2DV,2,lr,isotonic,0.04845367160993261,0.06829592357361222,0.026036558262261127,0.07449022987219375
PV2DV,2,lr,raw,0.0556247197049394,0.07051699390682929,0.018865510167254348,0.07449022987219375
PV2DV,2,svm,platt,0.05010012803970294,0.06937140009244408,0.024390101832490803,0.07449022987219375
PV2DV,2,svm,isotonic,0.048923012987940974,0.06833901434572032,0.026248309304271675,0.07449022987219375
PV2DV,2,lgbm,platt,0.04934061060294723,0.0683085299944504,0.025149619269246526,0.07449022987219375
PV2DV,2,lgbm,isotonic,0.04983155154090032,0.06808982312056518,0.025546500446054155,0.07449022987219375
PV2DV,2,lgbm,raw,0.04712910597965004,0.06790353933150665,0.027361123892543703,0.07449022987219375
