scenario,seed,model,beta,lam,flagged,prec,n_flag
BV2PV,0,lr,0.3,-2.4972268697575233,0.10099389170721607,0.09789851358277807,11706
BV2PV,0,lr,0.5,-1.020751330048044,0.0316199054422473,0.11787175989085948,3665
BV2PV,0,lr,0.7,1.0430934422517548,0.007264382096145218,0.12945368171021376,842
BV2PV,0,svm,0.3,-0.6801180324934489,0.10782689719432653,0.09561529844775164,12498
BV2PV,0,svm,0.5,-0.4682943041819478,0.031033233253960037,0.12566027244926328,3597
BV2PV,0,svm,0.7,-0.11680816082514349,0.008273803361286537,0.1386861313868613,959
BV2PV,0,lgbm,0.3,0.13760713448816342,0.07688856679435414,0.1111983842010772,8912
BV2PV,0,lgbm,0.5,0.3482185464738179,0.0203264658177175,0.15874363327674024,2356
BV2PV,0,lgbm,0.7,inf,0.0,,0
BV2PV,0,ens,0.3,2.5286098500854903,0.11156261862856748,0.1013842703580543,12931
BV2PV,0,ens,0.5,4.361488199370409,0.030325775615143043,0.13968705547652915,3515
BV2PV,0,ens,0.7,6.998909108765685,0.005720053835800807,0.1583710407239819,663
BV2PV,1,lr,0.3,-2.6108876955418996,0.11171460737888775,0.09769982306331257,12999
BV2PV,1,lr,0.5,-0.9794411097047326,0.03087857406818553,0.128026718619538,3593
BV2PV,1,lr,0.7,inf,0.0,,0
BV2PV,1,svm,0.3,-0.6991478039806258,0.11969851923787589,0.0954192992533027,13928
BV2PV,1,svm,0.5,-0.46906703717358644,0.0308871681606064,0.13772954924874792,3594
BV2PV,1,svm,0.7,-0.01789323461392641,0.005594754165986301,0.1827956989247312,651
BV2PV,1,lgbm,0.3,0.12306714318689169,0.08933559071494254,0.103992303992304,10395
BV2PV,1,lgbm,0.5,0.3144870354429056,0.025876812279239252,0.15144470275655927,3011
BV2PV,1,lgbm,0.7,0.8370028784002375,0.0018907003325913767,0.25,220
BV2PV,1,ens,0.3,2.485944232646408,0.10795039489854674,0.10429105962901043,12561
BV2PV,1,ens,0.5,4.018008123037826,0.03582877130260659,0.13960182297913168,4169
BV2PV,1,ens,0.7,6.621670262590356,0.007210443541109841,0.16209773539928488,839
BV2PV,2,lr,0.3,-2.6429182082381253,0.11652224844527899,0.09757539917208752,13528
BV2PV,2,lr,0.5,-1.1342312601381987,0.03348033557856294,0.12323128376640083,3887
BV2PV,2,lr,0.7,0.4510067277919766,0.013703939775017658,0.11942174732872407,1591
BV2PV,2,svm,0.3,-0.7035191897688545,0.1245327223552516,0.09378890579609904,14458
BV2PV,2,svm,0.5,-0.5051546891403231,0.03639166910713363,0.13514792899408284,4225
BV2PV,2,svm,0.7,-0.253809230620015,0.012989026512084619,0.1286472148541114,1508
BV2PV,2,lgbm,0.3,0.11582193667623276,0.09096625264862444,0.10406211532998769,10561
BV2PV,2,lgbm,0.5,0.28293633320555045,0.02889799996554635,0.14694485842026825,3355
BV2PV,2,lgbm,0.7,0.5133903220380235,0.011464452445347896,0.1720510894064613,1331
BV2PV,2,ens,0.3,2.389754699130947,0.11786594084308084,0.10150540777550424,13684
BV2PV,2,ens,0.5,3.8857651436860983,0.03918241485641441,0.13893163332600572,4549
BV2PV,2,ens,0.7,5.34999801144494,0.016365484332202106,0.15263157894736842,1900
DV2PV,0,lr,0.3,1.9838083452465984,0.0014863777847724969,0.18823529411764706,85
DV2PV,0,lr,0.5,inf,0.0,,0
DV2PV,0,lr,0.7,inf,0.0,,0
DV2PV,0,svm,0.3,0.10872846461014841,0.005385933620116812,0.2564935064935065,308
DV2PV,0,svm,0.5,inf,0.0,,0
DV2PV,0,svm,0.7,inf,0.0,,0
DV2PV,0,lgbm,0.3,0.5748346016138934,0.004266778582170462,0.2827868852459016,244
DV2PV,0,lgbm,0.5,0.8535022694007992,0.0,,0
DV2PV,0,lgbm,0.7,0.8535022694007992,0.0,,0
DV2PV,0,ens,0.3,5.401647306467825,0.005333473227713077,0.2459016393442623,305
DV2PV,0,ens,0.5,7.502721920892507,1.7486797467911725e-05,1.0,1
DV2PV,0,ens,0.7,7.502721920892507,1.7486797467911725e-05,1.0,1
DV2PV,1,lr,0.3,1.4951344994764901,0.004003846490077804,0.1615720524017467,229
DV2PV,1,lr,0.5,inf,0.0,,0
DV2PV,1,lr,0.7,inf,0.0,,0
DV2PV,1,svm,0.3,-0.0795798948719339,0.011924119241192412,0.21114369501466276,682
DV2PV,1,svm,0.5,inf,0.0,,0
DV2PV,1,svm,0.7,inf,0.0,,0
DV2PV,1,lgbm,0.3,inf,0.0,,0
DV2PV,1,lgbm,0.5,inf,0.0,,0
DV2PV,1,lgbm,0.7,inf,0.0,,0
DV2PV,1,ens,0.3,4.356284400394093,0.014931375120202815,0.21428571428571427,854
DV2PV,1,ens,0.5,inf,0.0,,0
DV2PV,1,ens,0.7,inf,0.0,,0
DV2PV,2,lr,0.3,1.399211372584788,0.004824523208220848,0.18772563176895307,277
DV2PV,2,lr,0.5,2.8392093440745065,0.00027867282069145695,0.125,16
DV2PV,2,lr,0.7,inf,0.0,,0
DV2PV,2,svm,0.3,-0.08316704802149191,0.012348689366890186,0.2073342736248237,709
DV2PV,2,svm,0.5,0.3380838541041936,0.0013759470521640686,0.26582278481012656,79
DV2PV,2,svm,0.7,0.5262370784346708,0.00017417051293216058,0.3,10
DV2PV,2,lgbm,0.3,0.35409711033760644,0.022642166681180877,0.19384615384615383,1300
DV2PV,2,lgbm,0.5,0.848401755666661,0.00012191935905251241,0.42857142857142855,7
DV2PV,2,lgbm,0.7,0.848401755666661,0.00012191935905251241,0.42857142857142855,7
DV2PV,2,ens,0.3,4.667326577053778,0.011460419750936167,0.21732522796352582,658
DV2PV,2,ens,0.5,7.343234367082444,0.00017417051293216058,0.2,10
DV2PV,2,ens,0.7,inf,0.0,,0
PV-P,0,lr,0.3,inf,0.0,,0
PV-P,0,lr,0.5,inf,0.0,,0
PV-P,0,lr,0.7,inf,0.0,,0
PV-P,0,svm,0.3,inf,0.0,,0
PV-P,0,svm,0.5,inf,0.0,,0
PV-P,0,svm,0.7,inf,0.0,,0
PV-P,0,lgbm,0.3,inf,0.0,,0
PV-P,0,lgbm,0.5,inf,0.0,,0
PV-P,0,lgbm,0.7,inf,0.0,,0
PV-P,0,ens,0.3,inf,0.0,,0
PV-P,0,ens,0.5,inf,0.0,,0
PV-P,0,ens,0.7,inf,0.0,,0
PV-P,1,lr,0.3,inf,0.0,,0
PV-P,1,lr,0.5,inf,0.0,,0
PV-P,1,lr,0.7,inf,0.0,,0
PV-P,1,svm,0.3,inf,0.0,,0
PV-P,1,svm,0.5,inf,0.0,,0
PV-P,1,svm,0.7,inf,0.0,,0
PV-P,1,lgbm,0.3,0.5285288942933999,5.9798777115008e-05,0.5,4
PV-P,1,lgbm,0.5,inf,0.0,,0
PV-P,1,lgbm,0.7,inf,0.0,,0
PV-P,1,ens,0.3,inf,0.0,,0
PV-P,1,ens,0.5,inf,0.0,,0
PV-P,1,ens,0.7,inf,0.0,,0
PV-P,2,lr,0.3,inf,0.0,,0
PV-P,2,lr,0.5,inf,0.0,,0
PV-P,2,lr,0.7,inf,0.0,,0
PV-P,2,svm,0.3,inf,0.0,,0
PV-P,2,svm,0.5,inf,0.0,,0
PV-P,2,svm,0.7,inf,0.0,,0
PV-P,2,lgbm,0.3,inf,0.0,,0
PV-P,2,lgbm,0.5,inf,0.0,,0
PV-P,2,lgbm,0.7,inf,0.0,,0
PV-P,2,ens,0.3,inf,0.0,,0
PV-P,2,ens,0.5,inf,0.0,,0
PV-P,2,ens,0.7,inf,0.0,,0
PV-R,0,lr,0.3,inf,0.0,,0
PV-R,0,lr,0.5,inf,0.0,,0
PV-R,0,lr,0.7,inf,0.0,,0
PV-R,0,svm,0.3,inf,0.0,,0
PV-R,0,svm,0.5,inf,0.0,,0
PV-R,0,svm,0.7,inf,0.0,,0
PV-R,0,lgbm,0.3,inf,0.0,,0
PV-R,0,lgbm,0.5,inf,0.0,,0
PV-R,0,lgbm,0.7,inf,0.0,,0
PV-R,0,ens,0.3,inf,0.0,,0
PV-R,0,ens,0.5,inf,0.0,,0
PV-R,0,ens,0.7,inf,0.0,,0
PV-R,1,lr,0.3,inf,0.0,,0
PV-R,1,lr,0.5,inf,0.0,,0
PV-R,1,lr,0.7,inf,0.0,,0
PV-R,1,svm,0.3,inf,0.0,,0
PV-R,1,svm,0.5,inf,0.0,,0
PV-R,1,svm,0.7,inf,0.0,,0
PV-R,1,lgbm,0.3,inf,0.0,,0
PV-R,1,lgbm,0.5,inf,0.0,,0
PV-R,1,lgbm,0.7,inf,0.0,,0
PV-R,1,ens,0.3,inf,0.0,,0
PV-R,1,ens,0.5,inf,0.0,,0
PV-R,1,ens,0.7,inf,0.0,,0
PV-R,2,lr,0.3,inf,0.0,,0
PV-R,2,lr,0.5,inf,0.0,,0
PV-R,2,lr,0.7,inf,0.0,,0
PV-R,2,svm,0.3,inf,0.0,,0
PV-R,2,svm,0.5,inf,0.0,,0
PV-R,2,svm,0.7,inf,0.0,,0
PV-R,2,lgbm,0.3,inf,0.0,,0
PV-R,2,lgbm,0.5,inf,0.0,,0
PV-R,2,lgbm,0.7,inf,0.0,,0
PV-R,2,ens,0.3,inf,0.0,,0
PV-R,2,ens,0.5,inf,0.0,,0
PV-R,2,ens,0.7,inf,0.0,,0
PV-T,0,lr,0.3,inf,0.0,,0
PV-T,0,lr,0.5,inf,0.0,,0
PV-T,0,lr,0.7,inf,0.0,,0
PV-T,0,svm,0.3,inf,0.0,,0
PV-T,0,svm,0.5,inf,0.0,,0
PV-T,0,svm,0.7,inf,0.0,,0
PV-T,0,lgbm,0.3,inf,0.0,,0
PV-T,0,lgbm,0.5,inf,0.0,,0
PV-T,0,lgbm,0.7,inf,0.0,,0
PV-T,0,ens,0.3,inf,0.0,,0
PV-T,0,ens,0.5,inf,0.0,,0
PV-T,0,ens,0.7,inf,0.0,,0
PV-T,1,lr,0.3,inf,0.0,,0
PV-T,1,lr,0.5,inf,0.0,,0
PV-T,1,lr,0.7,inf,0.0,,0
PV-T,1,svm,0.3,inf,0.0,,0
PV-T,1,svm,0.5,inf,0.0,,0
PV-T,1,svm,0.7,inf,0.0,,0
PV-T,1,lgbm,0.3,inf,0.0,,0
PV-T,1,lgbm,0.5,inf,0.0,,0
PV-T,1,lgbm,0.7,inf,0.0,,0
PV-T,1,ens,0.3,inf,0.0,,0
PV-T,1,ens,0.5,inf,0.0,,0
PV-T,1,ens,0.7,inf,0.0,,0
PV-T,2,lr,0.3,inf,0.0,,0
PV-T,2,lr,0.5,inf,0.0,,0
PV-T,2,lr,0.7,inf,0.0,,0
PV-T,2,svm,0.3,inf,0.0,,0
PV-T,2,svm,0.5,inf,0.0,,0
PV-T,2,svm,0.7,inf,0.0,,0
PV-T,2,lgbm,0.3,inf,0.0,,0
PV-T,2,lgbm,0.5,inf,0.0,,0
PV-T,2,lgbm,0.7,inf,0.0,,0
PV-T,2,ens,0.3,inf,0.0,,0
PV-T,2,ens,0.5,inf,0.0,,0
PV-T,2,ens,0.7,inf,0.0,,0
PV2BV,0,lr,0.3,inf,0.0,,0
PV2BV,0,lr,0.5,inf,0.0,,0
PV2BV,0,lr,0.7,inf,0.0,,0
PV2BV,0,svm,0.3,inf,0.0,,0
PV2BV,0,svm,0.5,inf,0.0,,0
PV2BV,0,svm,0.7,inf,0.0,,0
PV2BV,0,lgbm,0.3,inf,0.0,,0
PV2BV,0,lgbm,0.5,inf,0.0,,0
PV2BV,0,lgbm,0.7,inf,0.0,,0
PV2BV,0,ens,0.3,inf,0.0,,0
PV2BV,0,ens,0.5,inf,0.0,,0
PV2BV,0,ens,0.7,inf,0.0,,0
PV2BV,1,lr,0.3,inf,0.0,,0
PV2BV,1,lr,0.5,inf,0.0,,0
PV2BV,1,lr,0.7,inf,0.0,,0
PV2BV,1,svm,0.3,inf,0.0,,0
PV2BV,1,svm,0.5,inf,0.0,,0
PV2BV,1,svm,0.7,inf,0.0,,0
PV2BV,1,lgbm,0.3,inf,0.0,,0
PV2BV,1,lgbm,0.5,inf,0.0,,0
PV2BV,1,lgbm,0.7,inf,0.0,,0
PV2BV,1,ens,0.3,inf,0.0,,0
PV2BV,1,ens,0.5,inf,0.0,,0
PV2BV,1,ens,0.7,inf,0.0,,0
PV2BV,2,lr,0.3,inf,0.0,,0
PV2BV,2,lr,0.5,inf,0.0,,0
PV2BV,2,lr,0.7,inf,0.0,,0
PV2BV,2,svm,0.3,inf,0.0,,0
PV2BV,2,svm,0.5,inf,0.0,,0
PV2BV,2,svm,0.7,inf,0.0,,0
PV2BV,2,lgbm,0.3,inf,0.0,,0
PV2BV,2,lgbm,0.5,inf,0.0,,0
PV2BV,2,lgbm,0.7,inf,0.0,,0
PV2BV,2,ens,0.3,inf,0.0,,0
PV2BV,2,ens,0.5,inf,0.0,,0
PV2BV,2,ens,0.7,inf,0.0,,0
PV2DV,0,lr,0.3,inf,0.0,,0
PV2DV,0,lr,0.5,inf,0.0,,0
PV2DV,0,lr,0.7,inf,0.0,,0
PV2DV,0,svm,0.3,inf,0.0,,0
PV2DV,0,svm,0.5,inf,0.0,,0
PV2DV,0,svm,0.7,inf,0.0,,0
PV2DV,0,lgbm,0.3,inf,0.0,,0
PV2DV,0,lgbm,0.5,inf,0.0,,0
PV2DV,0,lgbm,0.7,inf,0.0,,0
PV2DV,0,ens,0.3,inf,0.0,,0
PV2DV,0,ens,0.5,inf,0.0,,0
PV2DV,0,ens,0.7,inf,0.0,,0
PV2DV,1,lr,0.3,inf,0.0,,0
PV2DV,1,lr,0.5,inf,0.0,,0
PV2DV,1,lr,0.7,inf,0.0,,0
PV2DV,1,svm,0.3,inf,0.0,,0
PV2DV,1,svm,0.5,inf,0.0,,0
PV2DV,1,svm,0.7,inf,0.0,,0
PV2DV,1,lgbm,0.3,inf,0.0,,0
PV2DV,1,lgbm,0.5,inf,0.0,,0
PV2DV,1,lgbm,0.7,inf,0.0,,0
PV2DV,1,ens,0.3,inf,0.0,,0
PV2DV,1,ens,0.5,inf,0.0,,0
PV2DV,1,ens,0.7,inf,0.0,,0
PV2DV,2,lr,0.3,inf,0.0,,0
PV2DV,2,lr,0.5,inf,0.0,,0
PV2DV,2,lr,0.7,inf,0.0,,0
PV2DV,2,svm,0.3,inf,0.0,,0
PV2DV,2,svm,0.5,inf,0.0,,0
PV2DV,2,svm,0.7,inf,0.0,,0
PV2DV,2,lgbm,0.3,inf,0.0,,0
PV2DV,2,lgbm,0.5,inf,0.0,,0
PV2DV,2,lgbm,0.7,inf,0.0,,0
PV2DV,2,ens,0.3,inf,0.0,,0
PV2DV,2,ens,0.5,inf,0.0,,0
PV2DV,2,ens,0.7,inf,0.0,,0
